DATAFLOW,LAST UPDATE,freq,unit,citizen,sex,age,geo,TIME_PERIOD,OBS_VALUE,OBS_FLAG
ESTAT:TRNG_LFS_12(1.0),12/12/24 23:00:00,Annual,Percentage,Total,Total,From 18 to 74 years,Austria,2004,15.8,
ESTAT:TRNG_LFS_12(1.0),12/12/24 23:00:00,Annual,Percentage,Total,Total,From 18 to 74 years,Austria,2005,16.0,
ESTAT:TRNG_LFS_12(1.0),12/12/24 23:00:00,Annual,Percentage,Total,Total,From 18 to 74 years,Austria,2006,16.1,b
ESTAT:TRNG_LFS_12(1.0),12/12/24 23:00:00,Annual,Percentage,Total,Total,From 18 to 74 years,Austria,2007,15.9,
ESTAT:TRNG_LFS_12(1.0),12/12/24 23:00:00,Annual,Percentage,Total,Total,From 18 to 74 years,Austria,2008,16.2,
ESTAT:TRNG_LFS_12(1.0),12/12/24 23:00:00,Annual,Percentage,Total,Total,From 18 to 74 years,Austria,2009,16.8,
ESTAT:TRNG_LFS_12(1.0),12/12/24 23:00:00,Annual,Percentage,Total,Total,From 18 to 74 years,Austria,2010,16.9,
ESTAT:TRNG_LFS_12(1.0),12/12/24 23:00:00,Annual,Percentage,Total,Total,From 18 to 74 years,Austria,2011,16.7,
ESTAT:TRNG_LFS_12(1.0),12/12/24 23:00:00,Annual,Percentage,Total,Total,From 18 to 74 years,Austria,2012,17.4,
ESTAT:TRNG_LFS_12(1.0),12/12/24 23:00:00,Annual,Percentage,Total,Total,From 18 to 74 years,Austria,2013,17.2,
ESTAT:TRNG_LFS_12(1.0),12/12/24 23:00:00,Annual,Percentage,Total,Total,From 18 to 74 years,Austria,2014,17.5,
ESTAT:TRNG_LFS_12(1.0),12/12/24 23:00:00,Annual,Percentage,Total,Total,From 18 to 74 years,Austria,2015,17.7,
ESTAT:TRNG_LFS_12(1.0),12/12/24 23:00:00,Annual,Percentage,Total,Total,From 18 to 74 years,Austria,2016,18.1,
ESTAT:TRNG_LFS_12(1.0),12/12/24 23:00:00,Annual,Percentage,Total,Total,From 18 to 74 years,Austria,2017,18.9,
ESTAT:TRNG_LFS_12(1.0),12/12/24 23:00:00,Annual,Percentage,Total,Total,From 18 to 74 years,Austria,2018,18.1,
ESTAT:TRNG_LFS_12(1.0),12/12/24 23:00:00,Annual,Percentage,Total,Total,From 18 to 74 years,Austria,2019,17.3,
ESTAT:TRNG_LFS_12(1.0),12/12/24 23:00:00,Annual,Percentage,Total,Total,From 18 to 74 years,Austria,2020,14.7,
ESTAT:TRNG_LFS_12(1.0),12/12/24 23:00:00,Annual,Percentage,Total,Total,From 18 to 74 years,Austria,2021,16.9,b
ESTAT:TRNG_LFS_12(1.0),12/12/24 23:00:00,Annual,Percentage,Total,Total,From 18 to 74 years,Austria,2022,17.7,
ESTAT:TRNG_LFS_12(1.0),12/12/24 23:00:00,Annual,Percentage,Total,Total,From 18 to 74 years,Austria,2023,18.9,
ESTAT:TRNG_LFS_12(1.0),12/12/24 23:00:00,Annual,Percentage,Total,Total,From 18 to 74 years,Bosnia and Herzegovina,2021,6.9,
ESTAT:TRNG_LFS_12(1.0),12/12/24 23:00:00,Annual,Percentage,Total,Total,From 18 to 74 years,Bosnia and Herzegovina,2022,6.9,
ESTAT:TRNG_LFS_12(1.0),12/12/24 23:00:00,Annual,Percentage,Total,Total,From 18 to 74 years,Bosnia and Herzegovina,2023,7.0,
ESTAT:TRNG_LFS_12(1.0),12/12/24 23:00:00,Annual,Percentage,Total,Total,From 18 to 74 years,Belgium,2004,13.9,
ESTAT:TRNG_LFS_12(1.0),12/12/24 23:00:00,Annual,Percentage,Total,Total,From 18 to 74 years,Belgium,2005,12.6,
ESTAT:TRNG_LFS_12(1.0),12/12/24 23:00:00,Annual,Percentage,Total,Total,From 18 to 74 years,Belgium,2006,12.2,b
ESTAT:TRNG_LFS_12(1.0),12/12/24 23:00:00,Annual,Percentage,Total,Total,From 18 to 74 years,Belgium,2007,12.2,
ESTAT:TRNG_LFS_12(1.0),12/12/24 23:00:00,Annual,Percentage,Total,Total,From 18 to 74 years,Belgium,2008,12.0,
ESTAT:TRNG_LFS_12(1.0),12/12/24 23:00:00,Annual,Percentage,Total,Total,From 18 to 74 years,Belgium,2009,12.3,
ESTAT:TRNG_LFS_12(1.0),12/12/24 23:00:00,Annual,Percentage,Total,Total,From 18 to 74 years,Belgium,2010,12.7,
ESTAT:TRNG_LFS_12(1.0),12/12/24 23:00:00,Annual,Percentage,Total,Total,From 18 to 74 years,Belgium,2011,12.6,
ESTAT:TRNG_LFS_12(1.0),12/12/24 23:00:00,Annual,Percentage,Total,Total,From 18 to 74 years,Belgium,2012,12.2,
ESTAT:TRNG_LFS_12(1.0),12/12/24 23:00:00,Annual,Percentage,Total,Total,From 18 to 74 years,Belgium,2013,12.3,
ESTAT:TRNG_LFS_12(1.0),12/12/24 23:00:00,Annual,Percentage,Total,Total,From 18 to 74 years,Belgium,2014,12.8,
ESTAT:TRNG_LFS_12(1.0),12/12/24 23:00:00,Annual,Percentage,Total,Total,From 18 to 74 years,Belgium,2015,12.2,
ESTAT:TRNG_LFS_12(1.0),12/12/24 23:00:00,Annual,Percentage,Total,Total,From 18 to 74 years,Belgium,2016,12.6,
ESTAT:TRNG_LFS_12(1.0),12/12/24 23:00:00,Annual,Percentage,Total,Total,From 18 to 74 years,Belgium,2017,13.9,b
ESTAT:TRNG_LFS_12(1.0),12/12/24 23:00:00,Annual,Percentage,Total,Total,From 18 to 74 years,Belgium,2018,14.0,
ESTAT:TRNG_LFS_12(1.0),12/12/24 23:00:00,Annual,Percentage,Total,Total,From 18 to 74 years,Belgium,2019,13.6,
ESTAT:TRNG_LFS_12(1.0),12/12/24 23:00:00,Annual,Percentage,Total,Total,From 18 to 74 years,Belgium,2020,13.0,
ESTAT:TRNG_LFS_12(1.0),12/12/24 23:00:00,Annual,Percentage,Total,Total,From 18 to 74 years,Belgium,2021,15.6,b
ESTAT:TRNG_LFS_12(1.0),12/12/24 23:00:00,Annual,Percentage,Total,Total,From 18 to 74 years,Belgium,2022,15.9,
ESTAT:TRNG_LFS_12(1.0),12/12/24 23:00:00,Annual,Percentage,Total,Total,From 18 to 74 years,Belgium,2023,16.4,
ESTAT:TRNG_LFS_12(1.0),12/12/24 23:00:00,Annual,Percentage,Total,Total,From 18 to 74 years,Bulgaria,2004,6.0,
ESTAT:TRNG_LFS_12(1.0),12/12/24 23:00:00,Annual,Percentage,Total,Total,From 18 to 74 years,Bulgaria,2005,5.9,
ESTAT:TRNG_LFS_12(1.0),12/12/24 23:00:00,Annual,Percentage,Total,Total,From 18 to 74 years,Bulgaria,2006,6.3,b
ESTAT:TRNG_LFS_12(1.0),12/12/24 23:00:00,Annual,Percentage,Total,Total,From 18 to 74 years,Bulgaria,2007,6.8,
ESTAT:TRNG_LFS_12(1.0),12/12/24 23:00:00,Annual,Percentage,Total,Total,From 18 to 74 years,Bulgaria,2008,6.8,
ESTAT:TRNG_LFS_12(1.0),12/12/24 23:00:00,Annual,Percentage,Total,Total,From 18 to 74 years,Bulgaria,2009,6.8,
ESTAT:TRNG_LFS_12(1.0),12/12/24 23:00:00,Annual,Percentage,Total,Total,From 18 to 74 years,Bulgaria,2010,6.8,b
ESTAT:TRNG_LFS_12(1.0),12/12/24 23:00:00,Annual,Percentage,Total,Total,From 18 to 74 years,Bulgaria,2011,7.0,b
ESTAT:TRNG_LFS_12(1.0),12/12/24 23:00:00,Annual,Percentage,Total,Total,From 18 to 74 years,Bulgaria,2012,7.0,
ESTAT:TRNG_LFS_12(1.0),12/12/24 23:00:00,Annual,Percentage,Total,Total,From 18 to 74 years,Bulgaria,2013,7.0,
ESTAT:TRNG_LFS_12(1.0),12/12/24 23:00:00,Annual,Percentage,Total,Total,From 18 to 74 years,Bulgaria,2014,7.0,
ESTAT:TRNG_LFS_12(1.0),12/12/24 23:00:00,Annual,Percentage,Total,Total,From 18 to 74 years,Bulgaria,2015,6.7,
ESTAT:TRNG_LFS_12(1.0),12/12/24 23:00:00,Annual,Percentage,Total,Total,From 18 to 74 years,Bulgaria,2016,6.8,
ESTAT:TRNG_LFS_12(1.0),12/12/24 23:00:00,Annual,Percentage,Total,Total,From 18 to 74 years,Bulgaria,2017,6.6,
ESTAT:TRNG_LFS_12(1.0),12/12/24 23:00:00,Annual,Percentage,Total,Total,From 18 to 74 years,Bulgaria,2018,6.9,
ESTAT:TRNG_LFS_12(1.0),12/12/24 23:00:00,Annual,Percentage,Total,Total,From 18 to 74 years,Bulgaria,2019,5.9,b
ESTAT:TRNG_LFS_12(1.0),12/12/24 23:00:00,Annual,Percentage,Total,Total,From 18 to 74 years,Bulgaria,2020,5.5,
ESTAT:TRNG_LFS_12(1.0),12/12/24 23:00:00,Annual,Percentage,Total,Total,From 18 to 74 years,Bulgaria,2021,6.1,b
ESTAT:TRNG_LFS_12(1.0),12/12/24 23:00:00,Annual,Percentage,Total,Total,From 18 to 74 years,Bulgaria,2022,6.2,
ESTAT:TRNG_LFS_12(1.0),12/12/24 23:00:00,Annual,Percentage,Total,Total,From 18 to 74 years,Bulgaria,2023,6.3,
ESTAT:TRNG_LFS_12(1.0),12/12/24 23:00:00,Annual,Percentage,Total,Total,From 18 to 74 years,Switzerland,2004,30.2,
ESTAT:TRNG_LFS_12(1.0),12/12/24 23:00:00,Annual,Percentage,Total,Total,From 18 to 74 years,Switzerland,2005,28.8,
ESTAT:TRNG_LFS_12(1.0),12/12/24 23:00:00,Annual,Percentage,Total,Total,From 18 to 74 years,Switzerland,2006,24.9,
ESTAT:TRNG_LFS_12(1.0),12/12/24 23:00:00,Annual,Percentage,Total,Total,From 18 to 74 years,Switzerland,2007,28.9,
ESTAT:TRNG_LFS_12(1.0),12/12/24 23:00:00,Annual,Percentage,Total,Total,From 18 to 74 years,Switzerland,2008,30.0,
ESTAT:TRNG_LFS_12(1.0),12/12/24 23:00:00,Annual,Percentage,Total,Total,From 18 to 74 years,Switzerland,2009,25.0,
ESTAT:TRNG_LFS_12(1.0),12/12/24 23:00:00,Annual,Percentage,Total,Total,From 18 to 74 years,Switzerland,2010,31.3,b
ESTAT:TRNG_LFS_12(1.0),12/12/24 23:00:00,Annual,Percentage,Total,Total,From 18 to 74 years,Switzerland,2011,30.6,
ESTAT:TRNG_LFS_12(1.0),12/12/24 23:00:00,Annual,Percentage,Total,Total,From 18 to 74 years,Switzerland,2012,30.7,
ESTAT:TRNG_LFS_12(1.0),12/12/24 23:00:00,Annual,Percentage,Total,Total,From 18 to 74 years,Switzerland,2013,31.1,
ESTAT:TRNG_LFS_12(1.0),12/12/24 23:00:00,Annual,Percentage,Total,Total,From 18 to 74 years,Switzerland,2014,32.1,
ESTAT:TRNG_LFS_12(1.0),12/12/24 23:00:00,Annual,Percentage,Total,Total,From 18 to 74 years,Switzerland,2015,32.4,
ESTAT:TRNG_LFS_12(1.0),12/12/24 23:00:00,Annual,Percentage,Total,Total,From 18 to 74 years,Switzerland,2016,32.6,
ESTAT:TRNG_LFS_12(1.0),12/12/24 23:00:00,Annual,Percentage,Total,Total,From 18 to 74 years,Switzerland,2017,32.4,
ESTAT:TRNG_LFS_12(1.0),12/12/24 23:00:00,Annual,Percentage,Total,Total,From 18 to 74 years,Switzerland,2018,32.8,
ESTAT:TRNG_LFS_12(1.0),12/12/24 23:00:00,Annual,Percentage,Total,Total,From 18 to 74 years,Switzerland,2019,33.3,
ESTAT:TRNG_LFS_12(1.0),12/12/24 23:00:00,Annual,Percentage,Total,Total,From 18 to 74 years,Switzerland,2020,29.1,
ESTAT:TRNG_LFS_12(1.0),12/12/24 23:00:00,Annual,Percentage,Total,Total,From 18 to 74 years,Switzerland,2021,24.4,b
ESTAT:TRNG_LFS_12(1.0),12/12/24 23:00:00,Annual,Percentage,Total,Total,From 18 to 74 years,Switzerland,2022,23.2,
ESTAT:TRNG_LFS_12(1.0),12/12/24 23:00:00,Annual,Percentage,Total,Total,From 18 to 74 years,Switzerland,2023,28.3,
ESTAT:TRNG_LFS_12(1.0),12/12/24 23:00:00,Annual,Percentage,Total,Total,From 18 to 74 years,Cyprus,2004,11.9,
ESTAT:TRNG_LFS_12(1.0),12/12/24 23:00:00,Annual,Percentage,Total,Total,From 18 to 74 years,Cyprus,2005,8.1,
ESTAT:TRNG_LFS_12(1.0),12/12/24 23:00:00,Annual,Percentage,Total,Total,From 18 to 74 years,Cyprus,2006,10.3,b
ESTAT:TRNG_LFS_12(1.0),12/12/24 23:00:00,Annual,Percentage,Total,Total,From 18 to 74 years,Cyprus,2007,11.8,
ESTAT:TRNG_LFS_12(1.0),12/12/24 23:00:00,Annual,Percentage,Total,Total,From 18 to 74 years,Cyprus,2008,11.6,
ESTAT:TRNG_LFS_12(1.0),12/12/24 23:00:00,Annual,Percentage,Total,Total,From 18 to 74 years,Cyprus,2009,11.4,b
ESTAT:TRNG_LFS_12(1.0),12/12/24 23:00:00,Annual,Percentage,Total,Total,From 18 to 74 years,Cyprus,2010,11.5,
ESTAT:TRNG_LFS_12(1.0),12/12/24 23:00:00,Annual,Percentage,Total,Total,From 18 to 74 years,Cyprus,2011,11.2,
ESTAT:TRNG_LFS_12(1.0),12/12/24 23:00:00,Annual,Percentage,Total,Total,From 18 to 74 years,Cyprus,2012,11.5,
ESTAT:TRNG_LFS_12(1.0),12/12/24 23:00:00,Annual,Percentage,Total,Total,From 18 to 74 years,Cyprus,2013,11.0,
ESTAT:TRNG_LFS_12(1.0),12/12/24 23:00:00,Annual,Percentage,Total,Total,From 18 to 74 years,Cyprus,2014,10.7,
ESTAT:TRNG_LFS_12(1.0),12/12/24 23:00:00,Annual,Percentage,Total,Total,From 18 to 74 years,Cyprus,2015,11.2,
ESTAT:TRNG_LFS_12(1.0),12/12/24 23:00:00,Annual,Percentage,Total,Total,From 18 to 74 years,Cyprus,2016,10.8,
ESTAT:TRNG_LFS_12(1.0),12/12/24 23:00:00,Annual,Percentage,Total,Total,From 18 to 74 years,Cyprus,2017,10.4,
ESTAT:TRNG_LFS_12(1.0),12/12/24 23:00:00,Annual,Percentage,Total,Total,From 18 to 74 years,Cyprus,2018,10.1,
ESTAT:TRNG_LFS_12(1.0),12/12/24 23:00:00,Annual,Percentage,Total,Total,From 18 to 74 years,Cyprus,2019,8.5,
ESTAT:TRNG_LFS_12(1.0),12/12/24 23:00:00,Annual,Percentage,Total,Total,From 18 to 74 years,Cyprus,2020,7.1,
ESTAT:TRNG_LFS_12(1.0),12/12/24 23:00:00,Annual,Percentage,Total,Total,From 18 to 74 years,Cyprus,2021,11.2,b
ESTAT:TRNG_LFS_12(1.0),12/12/24 23:00:00,Annual,Percentage,Total,Total,From 18 to 74 years,Cyprus,2022,12.0,
ESTAT:TRNG_LFS_12(1.0),12/12/24 23:00:00,Annual,Percentage,Total,Total,From 18 to 74 years,Cyprus,2023,12.5,
ESTAT:TRNG_LFS_12(1.0),12/12/24 23:00:00,Annual,Percentage,Total,Total,From 18 to 74 years,Czechia,2004,11.2,
ESTAT:TRNG_LFS_12(1.0),12/12/24 23:00:00,Annual,Percentage,Total,Total,From 18 to 74 years,Czechia,2005,10.5,
ESTAT:TRNG_LFS_12(1.0),12/12/24 23:00:00,Annual,Percentage,Total,Total,From 18 to 74 years,Czechia,2006,11.6,b
ESTAT:TRNG_LFS_12(1.0),12/12/24 23:00:00,Annual,Percentage,Total,Total,From 18 to 74 years,Czechia,2007,12.0,
ESTAT:TRNG_LFS_12(1.0),12/12/24 23:00:00,Annual,Percentage,Total,Total,From 18 to 74 years,Czechia,2008,14.0,
ESTAT:TRNG_LFS_12(1.0),12/12/24 23:00:00,Annual,Percentage,Total,Total,From 18 to 74 years,Czechia,2009,13.2,
ESTAT:TRNG_LFS_12(1.0),12/12/24 23:00:00,Annual,Percentage,Total,Total,From 18 to 74 years,Czechia,2010,13.9,
ESTAT:TRNG_LFS_12(1.0),12/12/24 23:00:00,Annual,Percentage,Total,Total,From 18 to 74 years,Czechia,2011,17.3,b
ESTAT:TRNG_LFS_12(1.0),12/12/24 23:00:00,Annual,Percentage,Total,Total,From 18 to 74 years,Czechia,2012,16.7,
ESTAT:TRNG_LFS_12(1.0),12/12/24 23:00:00,Annual,Percentage,Total,Total,From 18 to 74 years,Czechia,2013,15.3,b
ESTAT:TRNG_LFS_12(1.0),12/12/24 23:00:00,Annual,Percentage,Total,Total,From 18 to 74 years,Czechia,2014,14.6,
ESTAT:TRNG_LFS_12(1.0),12/12/24 23:00:00,Annual,Percentage,Total,Total,From 18 to 74 years,Czechia,2015,13.3,
ESTAT:TRNG_LFS_12(1.0),12/12/24 23:00:00,Annual,Percentage,Total,Total,From 18 to 74 years,Czechia,2016,13.4,
ESTAT:TRNG_LFS_12(1.0),12/12/24 23:00:00,Annual,Percentage,Total,Total,From 18 to 74 years,Czechia,2017,14.0,
ESTAT:TRNG_LFS_12(1.0),12/12/24 23:00:00,Annual,Percentage,Total,Total,From 18 to 74 years,Czechia,2018,12.9,
ESTAT:TRNG_LFS_12(1.0),12/12/24 23:00:00,Annual,Percentage,Total,Total,From 18 to 74 years,Czechia,2019,12.5,
ESTAT:TRNG_LFS_12(1.0),12/12/24 23:00:00,Annual,Percentage,Total,Total,From 18 to 74 years,Czechia,2020,10.3,
ESTAT:TRNG_LFS_12(1.0),12/12/24 23:00:00,Annual,Percentage,Total,Total,From 18 to 74 years,Czechia,2021,10.2,b
ESTAT:TRNG_LFS_12(1.0),12/12/24 23:00:00,Annual,Percentage,Total,Total,From 18 to 74 years,Czechia,2022,12.6,
ESTAT:TRNG_LFS_12(1.0),12/12/24 23:00:00,Annual,Percentage,Total,Total,From 18 to 74 years,Czechia,2023,13.7,
ESTAT:TRNG_LFS_12(1.0),12/12/24 23:00:00,Annual,Percentage,Total,Total,From 18 to 74 years,Germany,2004,11.7,
ESTAT:TRNG_LFS_12(1.0),12/12/24 23:00:00,Annual,Percentage,Total,Total,From 18 to 74 years,Germany,2005,12.0,b
ESTAT:TRNG_LFS_12(1.0),12/12/24 23:00:00,Annual,Percentage,Total,Total,From 18 to 74 years,Germany,2006,11.8,
ESTAT:TRNG_LFS_12(1.0),12/12/24 23:00:00,Annual,Percentage,Total,Total,From 18 to 74 years,Germany,2007,12.2,
ESTAT:TRNG_LFS_12(1.0),12/12/24 23:00:00,Annual,Percentage,Total,Total,From 18 to 74 years,Germany,2008,12.6,b
ESTAT:TRNG_LFS_12(1.0),12/12/24 23:00:00,Annual,Percentage,Total,Total,From 18 to 74 years,Germany,2009,12.6,
ESTAT:TRNG_LFS_12(1.0),12/12/24 23:00:00,Annual,Percentage,Total,Total,From 18 to 74 years,Germany,2010,12.2,b
ESTAT:TRNG_LFS_12(1.0),12/12/24 23:00:00,Annual,Percentage,Total,Total,From 18 to 74 years,Germany,2011,12.3,
ESTAT:TRNG_LFS_12(1.0),12/12/24 23:00:00,Annual,Percentage,Total,Total,From 18 to 74 years,Germany,2012,12.5,
ESTAT:TRNG_LFS_12(1.0),12/12/24 23:00:00,Annual,Percentage,Total,Total,From 18 to 74 years,Germany,2013,12.6,
ESTAT:TRNG_LFS_12(1.0),12/12/24 23:00:00,Annual,Percentage,Total,Total,From 18 to 74 years,Germany,2014,12.6,
ESTAT:TRNG_LFS_12(1.0),12/12/24 23:00:00,Annual,Percentage,Total,Total,From 18 to 74 years,Germany,2015,12.8,
ESTAT:TRNG_LFS_12(1.0),12/12/24 23:00:00,Annual,Percentage,Total,Total,From 18 to 74 years,Germany,2016,13.1,
ESTAT:TRNG_LFS_12(1.0),12/12/24 23:00:00,Annual,Percentage,Total,Total,From 18 to 74 years,Germany,2017,13.1,
ESTAT:TRNG_LFS_12(1.0),12/12/24 23:00:00,Annual,Percentage,Total,Total,From 18 to 74 years,Germany,2018,12.9,
ESTAT:TRNG_LFS_12(1.0),12/12/24 23:00:00,Annual,Percentage,Total,Total,From 18 to 74 years,Germany,2019,12.9,
ESTAT:TRNG_LFS_12(1.0),12/12/24 23:00:00,Annual,Percentage,Total,Total,From 18 to 74 years,Germany,2020,12.5,b
ESTAT:TRNG_LFS_12(1.0),12/12/24 23:00:00,Annual,Percentage,Total,Total,From 18 to 74 years,Germany,2021,12.2,b
ESTAT:TRNG_LFS_12(1.0),12/12/24 23:00:00,Annual,Percentage,Total,Total,From 18 to 74 years,Germany,2022,12.4,
ESTAT:TRNG_LFS_12(1.0),12/12/24 23:00:00,Annual,Percentage,Total,Total,From 18 to 74 years,Germany,2023,12.5,
ESTAT:TRNG_LFS_12(1.0),12/12/24 23:00:00,Annual,Percentage,Total,Total,From 18 to 74 years,Denmark,2004,29.2,
ESTAT:TRNG_LFS_12(1.0),12/12/24 23:00:00,Annual,Percentage,Total,Total,From 18 to 74 years,Denmark,2005,30.3,
ESTAT:TRNG_LFS_12(1.0),12/12/24 23:00:00,Annual,Percentage,Total,Total,From 18 to 74 years,Denmark,2006,32.4,
ESTAT:TRNG_LFS_12(1.0),12/12/24 23:00:00,Annual,Percentage,Total,Total,From 18 to 74 years,Denmark,2007,32.0,b
ESTAT:TRNG_LFS_12(1.0),12/12/24 23:00:00,Annual,Percentage,Total,Total,From 18 to 74 years,Denmark,2008,33.0,b
ESTAT:TRNG_LFS_12(1.0),12/12/24 23:00:00,Annual,Percentage,Total,Total,From 18 to 74 years,Denmark,2009,34.6,
ESTAT:TRNG_LFS_12(1.0),12/12/24 23:00:00,Annual,Percentage,Total,Total,From 18 to 74 years,Denmark,2010,35.6,
ESTAT:TRNG_LFS_12(1.0),12/12/24 23:00:00,Annual,Percentage,Total,Total,From 18 to 74 years,Denmark,2011,35.0,
ESTAT:TRNG_LFS_12(1.0),12/12/24 23:00:00,Annual,Percentage,Total,Total,From 18 to 74 years,Denmark,2012,35.0,
ESTAT:TRNG_LFS_12(1.0),12/12/24 23:00:00,Annual,Percentage,Total,Total,From 18 to 74 years,Denmark,2013,35.0,
ESTAT:TRNG_LFS_12(1.0),12/12/24 23:00:00,Annual,Percentage,Total,Total,From 18 to 74 years,Denmark,2014,35.3,
ESTAT:TRNG_LFS_12(1.0),12/12/24 23:00:00,Annual,Percentage,Total,Total,From 18 to 74 years,Denmark,2015,34.7,
ESTAT:TRNG_LFS_12(1.0),12/12/24 23:00:00,Annual,Percentage,Total,Total,From 18 to 74 years,Denmark,2016,31.9,b
ESTAT:TRNG_LFS_12(1.0),12/12/24 23:00:00,Annual,Percentage,Total,Total,From 18 to 74 years,Denmark,2017,29.9,b
ESTAT:TRNG_LFS_12(1.0),12/12/24 23:00:00,Annual,Percentage,Total,Total,From 18 to 74 years,Denmark,2018,26.5,
ESTAT:TRNG_LFS_12(1.0),12/12/24 23:00:00,Annual,Percentage,Total,Total,From 18 to 74 years,Denmark,2019,28.4,
ESTAT:TRNG_LFS_12(1.0),12/12/24 23:00:00,Annual,Percentage,Total,Total,From 18 to 74 years,Denmark,2020,23.9,
ESTAT:TRNG_LFS_12(1.0),12/12/24 23:00:00,Annual,Percentage,Total,Total,From 18 to 74 years,Denmark,2021,25.7,b
ESTAT:TRNG_LFS_12(1.0),12/12/24 23:00:00,Annual,Percentage,Total,Total,From 18 to 74 years,Denmark,2022,30.5,
ESTAT:TRNG_LFS_12(1.0),12/12/24 23:00:00,Annual,Percentage,Total,Total,From 18 to 74 years,Denmark,2023,33.2,
ESTAT:TRNG_LFS_12(1.0),12/12/24 23:00:00,Annual,Percentage,Total,Total,From 18 to 74 years,Euro area – 20 countries (from 2023),2004,11.9,
ESTAT:TRNG_LFS_12(1.0),12/12/24 23:00:00,Annual,Percentage,Total,Total,From 18 to 74 years,Euro area – 20 countries (from 2023),2005,12.2,
ESTAT:TRNG_LFS_12(1.0),12/12/24 23:00:00,Annual,Percentage,Total,Total,From 18 to 74 years,Euro area – 20 countries (from 2023),2006,12.3,
ESTAT:TRNG_LFS_12(1.0),12/12/24 23:00:00,Annual,Percentage,Total,Total,From 18 to 74 years,Euro area – 20 countries (from 2023),2007,12.5,
ESTAT:TRNG_LFS_12(1.0),12/12/24 23:00:00,Annual,Percentage,Total,Total,From 18 to 74 years,Euro area – 20 countries (from 2023),2008,12.6,
ESTAT:TRNG_LFS_12(1.0),12/12/24 23:00:00,Annual,Percentage,Total,Total,From 18 to 74 years,Euro area – 20 countries (from 2023),2009,12.5,
ESTAT:TRNG_LFS_12(1.0),12/12/24 23:00:00,Annual,Percentage,Total,Total,From 18 to 74 years,Euro area – 20 countries (from 2023),2010,12.5,
ESTAT:TRNG_LFS_12(1.0),12/12/24 23:00:00,Annual,Percentage,Total,Total,From 18 to 74 years,Euro area – 20 countries (from 2023),2011,12.7,
ESTAT:TRNG_LFS_12(1.0),12/12/24 23:00:00,Annual,Percentage,Total,Total,From 18 to 74 years,Euro area – 20 countries (from 2023),2012,12.9,
ESTAT:TRNG_LFS_12(1.0),12/12/24 23:00:00,Annual,Percentage,Total,Total,From 18 to 74 years,Euro area – 20 countries (from 2023),2013,14.7,b
ESTAT:TRNG_LFS_12(1.0),12/12/24 23:00:00,Annual,Percentage,Total,Total,From 18 to 74 years,Euro area – 20 countries (from 2023),2014,15.0,
ESTAT:TRNG_LFS_12(1.0),12/12/24 23:00:00,Annual,Percentage,Total,Total,From 18 to 74 years,Euro area – 20 countries (from 2023),2015,14.8,
ESTAT:TRNG_LFS_12(1.0),12/12/24 23:00:00,Annual,Percentage,Total,Total,From 18 to 74 years,Euro area – 20 countries (from 2023),2016,15.1,
ESTAT:TRNG_LFS_12(1.0),12/12/24 23:00:00,Annual,Percentage,Total,Total,From 18 to 74 years,Euro area – 20 countries (from 2023),2017,15.2,
ESTAT:TRNG_LFS_12(1.0),12/12/24 23:00:00,Annual,Percentage,Total,Total,From 18 to 74 years,Euro area – 20 countries (from 2023),2018,15.3,
ESTAT:TRNG_LFS_12(1.0),12/12/24 23:00:00,Annual,Percentage,Total,Total,From 18 to 74 years,Euro area – 20 countries (from 2023),2019,15.5,
ESTAT:TRNG_LFS_12(1.0),12/12/24 23:00:00,Annual,Percentage,Total,Total,From 18 to 74 years,Euro area – 20 countries (from 2023),2020,14.0,
ESTAT:TRNG_LFS_12(1.0),12/12/24 23:00:00,Annual,Percentage,Total,Total,From 18 to 74 years,Euro area – 20 countries (from 2023),2021,15.3,b
ESTAT:TRNG_LFS_12(1.0),12/12/24 23:00:00,Annual,Percentage,Total,Total,From 18 to 74 years,Euro area – 20 countries (from 2023),2022,15.9,
ESTAT:TRNG_LFS_12(1.0),12/12/24 23:00:00,Annual,Percentage,Total,Total,From 18 to 74 years,Euro area – 20 countries (from 2023),2023,16.6,
ESTAT:TRNG_LFS_12(1.0),12/12/24 23:00:00,Annual,Percentage,Total,Total,From 18 to 74 years,Estonia,2004,12.2,
ESTAT:TRNG_LFS_12(1.0),12/12/24 23:00:00,Annual,Percentage,Total,Total,From 18 to 74 years,Estonia,2005,12.3,
ESTAT:TRNG_LFS_12(1.0),12/12/24 23:00:00,Annual,Percentage,Total,Total,From 18 to 74 years,Estonia,2006,12.7,
ESTAT:TRNG_LFS_12(1.0),12/12/24 23:00:00,Annual,Percentage,Total,Total,From 18 to 74 years,Estonia,2007,13.2,
ESTAT:TRNG_LFS_12(1.0),12/12/24 23:00:00,Annual,Percentage,Total,Total,From 18 to 74 years,Estonia,2008,14.9,
ESTAT:TRNG_LFS_12(1.0),12/12/24 23:00:00,Annual,Percentage,Total,Total,From 18 to 74 years,Estonia,2009,15.8,b
ESTAT:TRNG_LFS_12(1.0),12/12/24 23:00:00,Annual,Percentage,Total,Total,From 18 to 74 years,Estonia,2010,16.6,
ESTAT:TRNG_LFS_12(1.0),12/12/24 23:00:00,Annual,Percentage,Total,Total,From 18 to 74 years,Estonia,2011,17.2,
ESTAT:TRNG_LFS_12(1.0),12/12/24 23:00:00,Annual,Percentage,Total,Total,From 18 to 74 years,Estonia,2012,17.5,
ESTAT:TRNG_LFS_12(1.0),12/12/24 23:00:00,Annual,Percentage,Total,Total,From 18 to 74 years,Estonia,2013,17.0,
ESTAT:TRNG_LFS_12(1.0),12/12/24 23:00:00,Annual,Percentage,Total,Total,From 18 to 74 years,Estonia,2014,15.7,
ESTAT:TRNG_LFS_12(1.0),12/12/24 23:00:00,Annual,Percentage,Total,Total,From 18 to 74 years,Estonia,2015,15.4,
ESTAT:TRNG_LFS_12(1.0),12/12/24 23:00:00,Annual,Percentage,Total,Total,From 18 to 74 years,Estonia,2016,18.4,
ESTAT:TRNG_LFS_12(1.0),12/12/24 23:00:00,Annual,Percentage,Total,Total,From 18 to 74 years,Estonia,2017,18.7,
ESTAT:TRNG_LFS_12(1.0),12/12/24 23:00:00,Annual,Percentage,Total,Total,From 18 to 74 years,Estonia,2018,21.0,
ESTAT:TRNG_LFS_12(1.0),12/12/24 23:00:00,Annual,Percentage,Total,Total,From 18 to 74 years,Estonia,2019,21.2,
ESTAT:TRNG_LFS_12(1.0),12/12/24 23:00:00,Annual,Percentage,Total,Total,From 18 to 74 years,Estonia,2020,18.7,
ESTAT:TRNG_LFS_12(1.0),12/12/24 23:00:00,Annual,Percentage,Total,Total,From 18 to 74 years,Estonia,2021,19.9,b
ESTAT:TRNG_LFS_12(1.0),12/12/24 23:00:00,Annual,Percentage,Total,Total,From 18 to 74 years,Estonia,2022,22.3,
ESTAT:TRNG_LFS_12(1.0),12/12/24 23:00:00,Annual,Percentage,Total,Total,From 18 to 74 years,Estonia,2023,24.2,
ESTAT:TRNG_LFS_12(1.0),12/12/24 23:00:00,Annual,Percentage,Total,Total,From 18 to 74 years,Greece,2004,7.2,
ESTAT:TRNG_LFS_12(1.0),12/12/24 23:00:00,Annual,Percentage,Total,Total,From 18 to 74 years,Greece,2005,7.0,
ESTAT:TRNG_LFS_12(1.0),12/12/24 23:00:00,Annual,Percentage,Total,Total,From 18 to 74 years,Greece,2006,7.9,b
ESTAT:TRNG_LFS_12(1.0),12/12/24 23:00:00,Annual,Percentage,Total,Total,From 18 to 74 years,Greece,2007,7.9,
ESTAT:TRNG_LFS_12(1.0),12/12/24 23:00:00,Annual,Percentage,Total,Total,From 18 to 74 years,Greece,2008,8.4,b
ESTAT:TRNG_LFS_12(1.0),12/12/24 23:00:00,Annual,Percentage,Total,Total,From 18 to 74 years,Greece,2009,8.5,b
ESTAT:TRNG_LFS_12(1.0),12/12/24 23:00:00,Annual,Percentage,Total,Total,From 18 to 74 years,Greece,2010,8.1,
ESTAT:TRNG_LFS_12(1.0),12/12/24 23:00:00,Annual,Percentage,Total,Total,From 18 to 74 years,Greece,2011,7.6,
ESTAT:TRNG_LFS_12(1.0),12/12/24 23:00:00,Annual,Percentage,Total,Total,From 18 to 74 years,Greece,2012,8.0,
ESTAT:TRNG_LFS_12(1.0),12/12/24 23:00:00,Annual,Percentage,Total,Total,From 18 to 74 years,Greece,2013,8.0,
ESTAT:TRNG_LFS_12(1.0),12/12/24 23:00:00,Annual,Percentage,Total,Total,From 18 to 74 years,Greece,2014,8.1,
ESTAT:TRNG_LFS_12(1.0),12/12/24 23:00:00,Annual,Percentage,Total,Total,From 18 to 74 years,Greece,2015,8.3,
ESTAT:TRNG_LFS_12(1.0),12/12/24 23:00:00,Annual,Percentage,Total,Total,From 18 to 74 years,Greece,2016,9.1,
ESTAT:TRNG_LFS_12(1.0),12/12/24 23:00:00,Annual,Percentage,Total,Total,From 18 to 74 years,Greece,2017,9.3,
ESTAT:TRNG_LFS_12(1.0),12/12/24 23:00:00,Annual,Percentage,Total,Total,From 18 to 74 years,Greece,2018,9.3,
ESTAT:TRNG_LFS_12(1.0),12/12/24 23:00:00,Annual,Percentage,Total,Total,From 18 to 74 years,Greece,2019,9.1,
ESTAT:TRNG_LFS_12(1.0),12/12/24 23:00:00,Annual,Percentage,Total,Total,From 18 to 74 years,Greece,2020,9.0,
ESTAT:TRNG_LFS_12(1.0),12/12/24 23:00:00,Annual,Percentage,Total,Total,From 18 to 74 years,Greece,2021,8.6,b
ESTAT:TRNG_LFS_12(1.0),12/12/24 23:00:00,Annual,Percentage,Total,Total,From 18 to 74 years,Greece,2022,8.4,
ESTAT:TRNG_LFS_12(1.0),12/12/24 23:00:00,Annual,Percentage,Total,Total,From 18 to 74 years,Greece,2023,8.0,
ESTAT:TRNG_LFS_12(1.0),12/12/24 23:00:00,Annual,Percentage,Total,Total,From 18 to 74 years,Spain,2004,10.1,
ESTAT:TRNG_LFS_12(1.0),12/12/24 23:00:00,Annual,Percentage,Total,Total,From 18 to 74 years,Spain,2005,14.3,b
ESTAT:TRNG_LFS_12(1.0),12/12/24 23:00:00,Annual,Percentage,Total,Total,From 18 to 74 years,Spain,2006,14.3,b
ESTAT:TRNG_LFS_12(1.0),12/12/24 23:00:00,Annual,Percentage,Total,Total,From 18 to 74 years,Spain,2007,14.2,
ESTAT:TRNG_LFS_12(1.0),12/12/24 23:00:00,Annual,Percentage,Total,Total,From 18 to 74 years,Spain,2008,14.1,
ESTAT:TRNG_LFS_12(1.0),12/12/24 23:00:00,Annual,Percentage,Total,Total,From 18 to 74 years,Spain,2009,14.2,
ESTAT:TRNG_LFS_12(1.0),12/12/24 23:00:00,Annual,Percentage,Total,Total,From 18 to 74 years,Spain,2010,14.8,
ESTAT:TRNG_LFS_12(1.0),12/12/24 23:00:00,Annual,Percentage,Total,Total,From 18 to 74 years,Spain,2011,14.9,
ESTAT:TRNG_LFS_12(1.0),12/12/24 23:00:00,Annual,Percentage,Total,Total,From 18 to 74 years,Spain,2012,15.1,
ESTAT:TRNG_LFS_12(1.0),12/12/24 23:00:00,Annual,Percentage,Total,Total,From 18 to 74 years,Spain,2013,15.2,
ESTAT:TRNG_LFS_12(1.0),12/12/24 23:00:00,Annual,Percentage,Total,Total,From 18 to 74 years,Spain,2014,14.1,b
ESTAT:TRNG_LFS_12(1.0),12/12/24 23:00:00,Annual,Percentage,Total,Total,From 18 to 74 years,Spain,2015,13.9,
ESTAT:TRNG_LFS_12(1.0),12/12/24 23:00:00,Annual,Percentage,Total,Total,From 18 to 74 years,Spain,2016,13.5,
ESTAT:TRNG_LFS_12(1.0),12/12/24 23:00:00,Annual,Percentage,Total,Total,From 18 to 74 years,Spain,2017,13.8,
ESTAT:TRNG_LFS_12(1.0),12/12/24 23:00:00,Annual,Percentage,Total,Total,From 18 to 74 years,Spain,2018,14.4,
ESTAT:TRNG_LFS_12(1.0),12/12/24 23:00:00,Annual,Percentage,Total,Total,From 18 to 74 years,Spain,2019,14.6,
ESTAT:TRNG_LFS_12(1.0),12/12/24 23:00:00,Annual,Percentage,Total,Total,From 18 to 74 years,Spain,2020,14.9,
ESTAT:TRNG_LFS_12(1.0),12/12/24 23:00:00,Annual,Percentage,Total,Total,From 18 to 74 years,Spain,2021,17.9,b
ESTAT:TRNG_LFS_12(1.0),12/12/24 23:00:00,Annual,Percentage,Total,Total,From 18 to 74 years,Spain,2022,18.6,
ESTAT:TRNG_LFS_12(1.0),12/12/24 23:00:00,Annual,Percentage,Total,Total,From 18 to 74 years,Spain,2023,19.3,
ESTAT:TRNG_LFS_12(1.0),12/12/24 23:00:00,Annual,Percentage,Total,Total,From 18 to 74 years,European Union - 27 countries (from 2020),2004,12.5,
ESTAT:TRNG_LFS_12(1.0),12/12/24 23:00:00,Annual,Percentage,Total,Total,From 18 to 74 years,European Union - 27 countries (from 2020),2005,12.4,
ESTAT:TRNG_LFS_12(1.0),12/12/24 23:00:00,Annual,Percentage,Total,Total,From 18 to 74 years,European Union - 27 countries (from 2020),2006,12.5,b
ESTAT:TRNG_LFS_12(1.0),12/12/24 23:00:00,Annual,Percentage,Total,Total,From 18 to 74 years,European Union - 27 countries (from 2020),2007,12.7,
ESTAT:TRNG_LFS_12(1.0),12/12/24 23:00:00,Annual,Percentage,Total,Total,From 18 to 74 years,European Union - 27 countries (from 2020),2008,12.9,
ESTAT:TRNG_LFS_12(1.0),12/12/24 23:00:00,Annual,Percentage,Total,Total,From 18 to 74 years,European Union - 27 countries (from 2020),2009,12.8,
ESTAT:TRNG_LFS_12(1.0),12/12/24 23:00:00,Annual,Percentage,Total,Total,From 18 to 74 years,European Union - 27 countries (from 2020),2010,12.7,
ESTAT:TRNG_LFS_12(1.0),12/12/24 23:00:00,Annual,Percentage,Total,Total,From 18 to 74 years,European Union - 27 countries (from 2020),2011,12.9,
ESTAT:TRNG_LFS_12(1.0),12/12/24 23:00:00,Annual,Percentage,Total,Total,From 18 to 74 years,European Union - 27 countries (from 2020),2012,13.0,
ESTAT:TRNG_LFS_12(1.0),12/12/24 23:00:00,Annual,Percentage,Total,Total,From 18 to 74 years,European Union - 27 countries (from 2020),2013,14.4,b
ESTAT:TRNG_LFS_12(1.0),12/12/24 23:00:00,Annual,Percentage,Total,Total,From 18 to 74 years,European Union - 27 countries (from 2020),2014,14.5,
ESTAT:TRNG_LFS_12(1.0),12/12/24 23:00:00,Annual,Percentage,Total,Total,From 18 to 74 years,European Union - 27 countries (from 2020),2015,14.3,
ESTAT:TRNG_LFS_12(1.0),12/12/24 23:00:00,Annual,Percentage,Total,Total,From 18 to 74 years,European Union - 27 countries (from 2020),2016,14.4,
ESTAT:TRNG_LFS_12(1.0),12/12/24 23:00:00,Annual,Percentage,Total,Total,From 18 to 74 years,European Union - 27 countries (from 2020),2017,14.5,
ESTAT:TRNG_LFS_12(1.0),12/12/24 23:00:00,Annual,Percentage,Total,Total,From 18 to 74 years,European Union - 27 countries (from 2020),2018,14.6,
ESTAT:TRNG_LFS_12(1.0),12/12/24 23:00:00,Annual,Percentage,Total,Total,From 18 to 74 years,European Union - 27 countries (from 2020),2019,14.8,
ESTAT:TRNG_LFS_12(1.0),12/12/24 23:00:00,Annual,Percentage,Total,Total,From 18 to 74 years,European Union - 27 countries (from 2020),2020,13.3,
ESTAT:TRNG_LFS_12(1.0),12/12/24 23:00:00,Annual,Percentage,Total,Total,From 18 to 74 years,European Union - 27 countries (from 2020),2021,14.7,b
ESTAT:TRNG_LFS_12(1.0),12/12/24 23:00:00,Annual,Percentage,Total,Total,From 18 to 74 years,European Union - 27 countries (from 2020),2022,15.6,
ESTAT:TRNG_LFS_12(1.0),12/12/24 23:00:00,Annual,Percentage,Total,Total,From 18 to 74 years,European Union - 27 countries (from 2020),2023,16.4,
ESTAT:TRNG_LFS_12(1.0),12/12/24 23:00:00,Annual,Percentage,Total,Total,From 18 to 74 years,Finland,2004,27.2,
ESTAT:TRNG_LFS_12(1.0),12/12/24 23:00:00,Annual,Percentage,Total,Total,From 18 to 74 years,Finland,2005,25.6,
ESTAT:TRNG_LFS_12(1.0),12/12/24 23:00:00,Annual,Percentage,Total,Total,From 18 to 74 years,Finland,2006,25.6,
ESTAT:TRNG_LFS_12(1.0),12/12/24 23:00:00,Annual,Percentage,Total,Total,From 18 to 74 years,Finland,2007,25.9,
ESTAT:TRNG_LFS_12(1.0),12/12/24 23:00:00,Annual,Percentage,Total,Total,From 18 to 74 years,Finland,2008,25.5,
ESTAT:TRNG_LFS_12(1.0),12/12/24 23:00:00,Annual,Percentage,Total,Total,From 18 to 74 years,Finland,2009,24.7,
ESTAT:TRNG_LFS_12(1.0),12/12/24 23:00:00,Annual,Percentage,Total,Total,From 18 to 74 years,Finland,2010,25.6,
ESTAT:TRNG_LFS_12(1.0),12/12/24 23:00:00,Annual,Percentage,Total,Total,From 18 to 74 years,Finland,2011,26.0,
ESTAT:TRNG_LFS_12(1.0),12/12/24 23:00:00,Annual,Percentage,Total,Total,From 18 to 74 years,Finland,2012,26.5,
ESTAT:TRNG_LFS_12(1.0),12/12/24 23:00:00,Annual,Percentage,Total,Total,From 18 to 74 years,Finland,2013,26.7,
ESTAT:TRNG_LFS_12(1.0),12/12/24 23:00:00,Annual,Percentage,Total,Total,From 18 to 74 years,Finland,2014,26.8,
ESTAT:TRNG_LFS_12(1.0),12/12/24 23:00:00,Annual,Percentage,Total,Total,From 18 to 74 years,Finland,2015,26.6,
ESTAT:TRNG_LFS_12(1.0),12/12/24 23:00:00,Annual,Percentage,Total,Total,From 18 to 74 years,Finland,2016,27.3,
ESTAT:TRNG_LFS_12(1.0),12/12/24 23:00:00,Annual,Percentage,Total,Total,From 18 to 74 years,Finland,2017,28.0,
ESTAT:TRNG_LFS_12(1.0),12/12/24 23:00:00,Annual,Percentage,Total,Total,From 18 to 74 years,Finland,2018,28.7,
ESTAT:TRNG_LFS_12(1.0),12/12/24 23:00:00,Annual,Percentage,Total,Total,From 18 to 74 years,Finland,2019,29.0,
ESTAT:TRNG_LFS_12(1.0),12/12/24 23:00:00,Annual,Percentage,Total,Total,From 18 to 74 years,Finland,2020,27.0,
ESTAT:TRNG_LFS_12(1.0),12/12/24 23:00:00,Annual,Percentage,Total,Total,From 18 to 74 years,Finland,2021,29.8,b
ESTAT:TRNG_LFS_12(1.0),12/12/24 23:00:00,Annual,Percentage,Total,Total,From 18 to 74 years,Finland,2022,26.0,
ESTAT:TRNG_LFS_12(1.0),12/12/24 23:00:00,Annual,Percentage,Total,Total,From 18 to 74 years,Finland,2023,27.1,
ESTAT:TRNG_LFS_12(1.0),12/12/24 23:00:00,Annual,Percentage,Total,Total,From 18 to 74 years,France,2004,12.0,
ESTAT:TRNG_LFS_12(1.0),12/12/24 23:00:00,Annual,Percentage,Total,Total,From 18 to 74 years,France,2005,11.6,
ESTAT:TRNG_LFS_12(1.0),12/12/24 23:00:00,Annual,Percentage,Total,Total,From 18 to 74 years,France,2006,12.0,
ESTAT:TRNG_LFS_12(1.0),12/12/24 23:00:00,Annual,Percentage,Total,Total,From 18 to 74 years,France,2007,11.8,
ESTAT:TRNG_LFS_12(1.0),12/12/24 23:00:00,Annual,Percentage,Total,Total,From 18 to 74 years,France,2008,11.6,
ESTAT:TRNG_LFS_12(1.0),12/12/24 23:00:00,Annual,Percentage,Total,Total,From 18 to 74 years,France,2009,11.2,
ESTAT:TRNG_LFS_12(1.0),12/12/24 23:00:00,Annual,Percentage,Total,Total,From 18 to 74 years,France,2010,10.6,
ESTAT:TRNG_LFS_12(1.0),12/12/24 23:00:00,Annual,Percentage,Total,Total,From 18 to 74 years,France,2011,11.1,
ESTAT:TRNG_LFS_12(1.0),12/12/24 23:00:00,Annual,Percentage,Total,Total,From 18 to 74 years,France,2012,11.2,
ESTAT:TRNG_LFS_12(1.0),12/12/24 23:00:00,Annual,Percentage,Total,Total,From 18 to 74 years,France,2013,21.5,b
ESTAT:TRNG_LFS_12(1.0),12/12/24 23:00:00,Annual,Percentage,Total,Total,From 18 to 74 years,France,2014,21.9,b
ESTAT:TRNG_LFS_12(1.0),12/12/24 23:00:00,Annual,Percentage,Total,Total,From 18 to 74 years,France,2015,21.6,
ESTAT:TRNG_LFS_12(1.0),12/12/24 23:00:00,Annual,Percentage,Total,Total,From 18 to 74 years,France,2016,21.7,
ESTAT:TRNG_LFS_12(1.0),12/12/24 23:00:00,Annual,Percentage,Total,Total,From 18 to 74 years,France,2017,21.6,
ESTAT:TRNG_LFS_12(1.0),12/12/24 23:00:00,Annual,Percentage,Total,Total,From 18 to 74 years,France,2018,21.3,
ESTAT:TRNG_LFS_12(1.0),12/12/24 23:00:00,Annual,Percentage,Total,Total,From 18 to 74 years,France,2019,22.1,
ESTAT:TRNG_LFS_12(1.0),12/12/24 23:00:00,Annual,Percentage,Total,Total,From 18 to 74 years,France,2020,16.8,
ESTAT:TRNG_LFS_12(1.0),12/12/24 23:00:00,Annual,Percentage,Total,Total,From 18 to 74 years,France,2021,15.5,b
ESTAT:TRNG_LFS_12(1.0),12/12/24 23:00:00,Annual,Percentage,Total,Total,From 18 to 74 years,France,2022,17.4,
ESTAT:TRNG_LFS_12(1.0),12/12/24 23:00:00,Annual,Percentage,Total,Total,From 18 to 74 years,France,2023,18.8,
ESTAT:TRNG_LFS_12(1.0),12/12/24 23:00:00,Annual,Percentage,Total,Total,From 18 to 74 years,Croatia,2004,7.0,
ESTAT:TRNG_LFS_12(1.0),12/12/24 23:00:00,Annual,Percentage,Total,Total,From 18 to 74 years,Croatia,2005,6.9,b
ESTAT:TRNG_LFS_12(1.0),12/12/24 23:00:00,Annual,Percentage,Total,Total,From 18 to 74 years,Croatia,2006,8.2,b
ESTAT:TRNG_LFS_12(1.0),12/12/24 23:00:00,Annual,Percentage,Total,Total,From 18 to 74 years,Croatia,2007,8.0,
ESTAT:TRNG_LFS_12(1.0),12/12/24 23:00:00,Annual,Percentage,Total,Total,From 18 to 74 years,Croatia,2008,7.9,
ESTAT:TRNG_LFS_12(1.0),12/12/24 23:00:00,Annual,Percentage,Total,Total,From 18 to 74 years,Croatia,2009,8.0,
ESTAT:TRNG_LFS_12(1.0),12/12/24 23:00:00,Annual,Percentage,Total,Total,From 18 to 74 years,Croatia,2010,7.9,
ESTAT:TRNG_LFS_12(1.0),12/12/24 23:00:00,Annual,Percentage,Total,Total,From 18 to 74 years,Croatia,2011,8.5,
ESTAT:TRNG_LFS_12(1.0),12/12/24 23:00:00,Annual,Percentage,Total,Total,From 18 to 74 years,Croatia,2012,8.9,b
ESTAT:TRNG_LFS_12(1.0),12/12/24 23:00:00,Annual,Percentage,Total,Total,From 18 to 74 years,Croatia,2013,8.5,
ESTAT:TRNG_LFS_12(1.0),12/12/24 23:00:00,Annual,Percentage,Total,Total,From 18 to 74 years,Croatia,2014,8.0,
ESTAT:TRNG_LFS_12(1.0),12/12/24 23:00:00,Annual,Percentage,Total,Total,From 18 to 74 years,Croatia,2015,8.5,
ESTAT:TRNG_LFS_12(1.0),12/12/24 23:00:00,Annual,Percentage,Total,Total,From 18 to 74 years,Croatia,2016,7.5,
ESTAT:TRNG_LFS_12(1.0),12/12/24 23:00:00,Annual,Percentage,Total,Total,From 18 to 74 years,Croatia,2017,7.0,
ESTAT:TRNG_LFS_12(1.0),12/12/24 23:00:00,Annual,Percentage,Total,Total,From 18 to 74 years,Croatia,2018,7.7,
ESTAT:TRNG_LFS_12(1.0),12/12/24 23:00:00,Annual,Percentage,Total,Total,From 18 to 74 years,Croatia,2019,7.8,
ESTAT:TRNG_LFS_12(1.0),12/12/24 23:00:00,Annual,Percentage,Total,Total,From 18 to 74 years,Croatia,2020,7.5,
ESTAT:TRNG_LFS_12(1.0),12/12/24 23:00:00,Annual,Percentage,Total,Total,From 18 to 74 years,Croatia,2021,9.1,b
ESTAT:TRNG_LFS_12(1.0),12/12/24 23:00:00,Annual,Percentage,Total,Total,From 18 to 74 years,Croatia,2022,8.8,
ESTAT:TRNG_LFS_12(1.0),12/12/24 23:00:00,Annual,Percentage,Total,Total,From 18 to 74 years,Croatia,2023,10.4,
ESTAT:TRNG_LFS_12(1.0),12/12/24 23:00:00,Annual,Percentage,Total,Total,From 18 to 74 years,Hungary,2004,10.5,
ESTAT:TRNG_LFS_12(1.0),12/12/24 23:00:00,Annual,Percentage,Total,Total,From 18 to 74 years,Hungary,2005,9.2,
ESTAT:TRNG_LFS_12(1.0),12/12/24 23:00:00,Annual,Percentage,Total,Total,From 18 to 74 years,Hungary,2006,9.9,b
ESTAT:TRNG_LFS_12(1.0),12/12/24 23:00:00,Annual,Percentage,Total,Total,From 18 to 74 years,Hungary,2007,9.9,
ESTAT:TRNG_LFS_12(1.0),12/12/24 23:00:00,Annual,Percentage,Total,Total,From 18 to 74 years,Hungary,2008,9.6,
ESTAT:TRNG_LFS_12(1.0),12/12/24 23:00:00,Annual,Percentage,Total,Total,From 18 to 74 years,Hungary,2009,9.4,
ESTAT:TRNG_LFS_12(1.0),12/12/24 23:00:00,Annual,Percentage,Total,Total,From 18 to 74 years,Hungary,2010,9.4,
ESTAT:TRNG_LFS_12(1.0),12/12/24 23:00:00,Annual,Percentage,Total,Total,From 18 to 74 years,Hungary,2011,9.2,
ESTAT:TRNG_LFS_12(1.0),12/12/24 23:00:00,Annual,Percentage,Total,Total,From 18 to 74 years,Hungary,2012,8.8,
ESTAT:TRNG_LFS_12(1.0),12/12/24 23:00:00,Annual,Percentage,Total,Total,From 18 to 74 years,Hungary,2013,8.8,
ESTAT:TRNG_LFS_12(1.0),12/12/24 23:00:00,Annual,Percentage,Total,Total,From 18 to 74 years,Hungary,2014,8.6,
ESTAT:TRNG_LFS_12(1.0),12/12/24 23:00:00,Annual,Percentage,Total,Total,From 18 to 74 years,Hungary,2015,11.7,b
ESTAT:TRNG_LFS_12(1.0),12/12/24 23:00:00,Annual,Percentage,Total,Total,From 18 to 74 years,Hungary,2016,10.5,
ESTAT:TRNG_LFS_12(1.0),12/12/24 23:00:00,Annual,Percentage,Total,Total,From 18 to 74 years,Hungary,2017,10.1,
ESTAT:TRNG_LFS_12(1.0),12/12/24 23:00:00,Annual,Percentage,Total,Total,From 18 to 74 years,Hungary,2018,9.9,b
ESTAT:TRNG_LFS_12(1.0),12/12/24 23:00:00,Annual,Percentage,Total,Total,From 18 to 74 years,Hungary,2019,9.6,
ESTAT:TRNG_LFS_12(1.0),12/12/24 23:00:00,Annual,Percentage,Total,Total,From 18 to 74 years,Hungary,2020,8.7,
ESTAT:TRNG_LFS_12(1.0),12/12/24 23:00:00,Annual,Percentage,Total,Total,From 18 to 74 years,Hungary,2021,9.5,b
ESTAT:TRNG_LFS_12(1.0),12/12/24 23:00:00,Annual,Percentage,Total,Total,From 18 to 74 years,Hungary,2022,11.2,
ESTAT:TRNG_LFS_12(1.0),12/12/24 23:00:00,Annual,Percentage,Total,Total,From 18 to 74 years,Hungary,2023,12.7,
ESTAT:TRNG_LFS_12(1.0),12/12/24 23:00:00,Annual,Percentage,Total,Total,From 18 to 74 years,Ireland,2004,12.7,
ESTAT:TRNG_LFS_12(1.0),12/12/24 23:00:00,Annual,Percentage,Total,Total,From 18 to 74 years,Ireland,2005,11.3,
ESTAT:TRNG_LFS_12(1.0),12/12/24 23:00:00,Annual,Percentage,Total,Total,From 18 to 74 years,Ireland,2006,11.5,b
ESTAT:TRNG_LFS_12(1.0),12/12/24 23:00:00,Annual,Percentage,Total,Total,From 18 to 74 years,Ireland,2007,11.8,b
ESTAT:TRNG_LFS_12(1.0),12/12/24 23:00:00,Annual,Percentage,Total,Total,From 18 to 74 years,Ireland,2008,11.3,
ESTAT:TRNG_LFS_12(1.0),12/12/24 23:00:00,Annual,Percentage,Total,Total,From 18 to 74 years,Ireland,2009,10.8,
ESTAT:TRNG_LFS_12(1.0),12/12/24 23:00:00,Annual,Percentage,Total,Total,From 18 to 74 years,Ireland,2010,11.3,
ESTAT:TRNG_LFS_12(1.0),12/12/24 23:00:00,Annual,Percentage,Total,Total,From 18 to 74 years,Ireland,2011,11.4,
ESTAT:TRNG_LFS_12(1.0),12/12/24 23:00:00,Annual,Percentage,Total,Total,From 18 to 74 years,Ireland,2012,11.7,
ESTAT:TRNG_LFS_12(1.0),12/12/24 23:00:00,Annual,Percentage,Total,Total,From 18 to 74 years,Ireland,2013,11.8,
ESTAT:TRNG_LFS_12(1.0),12/12/24 23:00:00,Annual,Percentage,Total,Total,From 18 to 74 years,Ireland,2014,11.4,
ESTAT:TRNG_LFS_12(1.0),12/12/24 23:00:00,Annual,Percentage,Total,Total,From 18 to 74 years,Ireland,2015,10.9,
ESTAT:TRNG_LFS_12(1.0),12/12/24 23:00:00,Annual,Percentage,Total,Total,From 18 to 74 years,Ireland,2016,10.9,
ESTAT:TRNG_LFS_12(1.0),12/12/24 23:00:00,Annual,Percentage,Total,Total,From 18 to 74 years,Ireland,2017,13.7,b
ESTAT:TRNG_LFS_12(1.0),12/12/24 23:00:00,Annual,Percentage,Total,Total,From 18 to 74 years,Ireland,2018,16.9,
ESTAT:TRNG_LFS_12(1.0),12/12/24 23:00:00,Annual,Percentage,Total,Total,From 18 to 74 years,Ireland,2019,17.4,
ESTAT:TRNG_LFS_12(1.0),12/12/24 23:00:00,Annual,Percentage,Total,Total,From 18 to 74 years,Ireland,2020,16.0,
ESTAT:TRNG_LFS_12(1.0),12/12/24 23:00:00,Annual,Percentage,Total,Total,From 18 to 74 years,Ireland,2021,18.6,b
ESTAT:TRNG_LFS_12(1.0),12/12/24 23:00:00,Annual,Percentage,Total,Total,From 18 to 74 years,Ireland,2022,16.9,
ESTAT:TRNG_LFS_12(1.0),12/12/24 23:00:00,Annual,Percentage,Total,Total,From 18 to 74 years,Ireland,2023,17.3,
ESTAT:TRNG_LFS_12(1.0),12/12/24 23:00:00,Annual,Percentage,Total,Total,From 18 to 74 years,Iceland,2004,27.4,
ESTAT:TRNG_LFS_12(1.0),12/12/24 23:00:00,Annual,Percentage,Total,Total,From 18 to 74 years,Iceland,2005,29.1,
ESTAT:TRNG_LFS_12(1.0),12/12/24 23:00:00,Annual,Percentage,Total,Total,From 18 to 74 years,Iceland,2006,31.1,
ESTAT:TRNG_LFS_12(1.0),12/12/24 23:00:00,Annual,Percentage,Total,Total,From 18 to 74 years,Iceland,2007,30.5,
ESTAT:TRNG_LFS_12(1.0),12/12/24 23:00:00,Annual,Percentage,Total,Total,From 18 to 74 years,Iceland,2008,28.5,
ESTAT:TRNG_LFS_12(1.0),12/12/24 23:00:00,Annual,Percentage,Total,Total,From 18 to 74 years,Iceland,2009,29.1,b
ESTAT:TRNG_LFS_12(1.0),12/12/24 23:00:00,Annual,Percentage,Total,Total,From 18 to 74 years,Iceland,2010,29.5,
ESTAT:TRNG_LFS_12(1.0),12/12/24 23:00:00,Annual,Percentage,Total,Total,From 18 to 74 years,Iceland,2011,30.4,
ESTAT:TRNG_LFS_12(1.0),12/12/24 23:00:00,Annual,Percentage,Total,Total,From 18 to 74 years,Iceland,2012,31.9,
ESTAT:TRNG_LFS_12(1.0),12/12/24 23:00:00,Annual,Percentage,Total,Total,From 18 to 74 years,Iceland,2013,30.0,
ESTAT:TRNG_LFS_12(1.0),12/12/24 23:00:00,Annual,Percentage,Total,Total,From 18 to 74 years,Iceland,2014,29.7,
ESTAT:TRNG_LFS_12(1.0),12/12/24 23:00:00,Annual,Percentage,Total,Total,From 18 to 74 years,Iceland,2015,31.2,
ESTAT:TRNG_LFS_12(1.0),12/12/24 23:00:00,Annual,Percentage,Total,Total,From 18 to 74 years,Iceland,2016,27.5,
ESTAT:TRNG_LFS_12(1.0),12/12/24 23:00:00,Annual,Percentage,Total,Total,From 18 to 74 years,Iceland,2017,26.7,
ESTAT:TRNG_LFS_12(1.0),12/12/24 23:00:00,Annual,Percentage,Total,Total,From 18 to 74 years,Iceland,2018,24.4,
ESTAT:TRNG_LFS_12(1.0),12/12/24 23:00:00,Annual,Percentage,Total,Total,From 18 to 74 years,Iceland,2019,25.3,
ESTAT:TRNG_LFS_12(1.0),12/12/24 23:00:00,Annual,Percentage,Total,Total,From 18 to 74 years,Iceland,2020,24.4,b
ESTAT:TRNG_LFS_12(1.0),12/12/24 23:00:00,Annual,Percentage,Total,Total,From 18 to 74 years,Iceland,2021,27.5,b
ESTAT:TRNG_LFS_12(1.0),12/12/24 23:00:00,Annual,Percentage,Total,Total,From 18 to 74 years,Iceland,2022,29.3,
ESTAT:TRNG_LFS_12(1.0),12/12/24 23:00:00,Annual,Percentage,Total,Total,From 18 to 74 years,Iceland,2023,28.4,
ESTAT:TRNG_LFS_12(1.0),12/12/24 23:00:00,Annual,Percentage,Total,Total,From 18 to 74 years,Italy,2004,10.2,
ESTAT:TRNG_LFS_12(1.0),12/12/24 23:00:00,Annual,Percentage,Total,Total,From 18 to 74 years,Italy,2005,9.4,
ESTAT:TRNG_LFS_12(1.0),12/12/24 23:00:00,Annual,Percentage,Total,Total,From 18 to 74 years,Italy,2006,9.6,b
ESTAT:TRNG_LFS_12(1.0),12/12/24 23:00:00,Annual,Percentage,Total,Total,From 18 to 74 years,Italy,2007,9.8,
ESTAT:TRNG_LFS_12(1.0),12/12/24 23:00:00,Annual,Percentage,Total,Total,From 18 to 74 years,Italy,2008,9.9,
ESTAT:TRNG_LFS_12(1.0),12/12/24 23:00:00,Annual,Percentage,Total,Total,From 18 to 74 years,Italy,2009,9.8,
ESTAT:TRNG_LFS_12(1.0),12/12/24 23:00:00,Annual,Percentage,Total,Total,From 18 to 74 years,Italy,2010,9.9,
ESTAT:TRNG_LFS_12(1.0),12/12/24 23:00:00,Annual,Percentage,Total,Total,From 18 to 74 years,Italy,2011,9.6,
ESTAT:TRNG_LFS_12(1.0),12/12/24 23:00:00,Annual,Percentage,Total,Total,From 18 to 74 years,Italy,2012,10.3,
ESTAT:TRNG_LFS_12(1.0),12/12/24 23:00:00,Annual,Percentage,Total,Total,From 18 to 74 years,Italy,2013,9.9,
ESTAT:TRNG_LFS_12(1.0),12/12/24 23:00:00,Annual,Percentage,Total,Total,From 18 to 74 years,Italy,2014,11.5,
ESTAT:TRNG_LFS_12(1.0),12/12/24 23:00:00,Annual,Percentage,Total,Total,From 18 to 74 years,Italy,2015,11.0,
ESTAT:TRNG_LFS_12(1.0),12/12/24 23:00:00,Annual,Percentage,Total,Total,From 18 to 74 years,Italy,2016,11.8,
ESTAT:TRNG_LFS_12(1.0),12/12/24 23:00:00,Annual,Percentage,Total,Total,From 18 to 74 years,Italy,2017,11.5,
ESTAT:TRNG_LFS_12(1.0),12/12/24 23:00:00,Annual,Percentage,Total,Total,From 18 to 74 years,Italy,2018,11.6,b
ESTAT:TRNG_LFS_12(1.0),12/12/24 23:00:00,Annual,Percentage,Total,Total,From 18 to 74 years,Italy,2019,11.7,
ESTAT:TRNG_LFS_12(1.0),12/12/24 23:00:00,Annual,Percentage,Total,Total,From 18 to 74 years,Italy,2020,10.7,
ESTAT:TRNG_LFS_12(1.0),12/12/24 23:00:00,Annual,Percentage,Total,Total,From 18 to 74 years,Italy,2021,12.9,b
ESTAT:TRNG_LFS_12(1.0),12/12/24 23:00:00,Annual,Percentage,Total,Total,From 18 to 74 years,Italy,2022,13.0,
ESTAT:TRNG_LFS_12(1.0),12/12/24 23:00:00,Annual,Percentage,Total,Total,From 18 to 74 years,Italy,2023,14.9,
ESTAT:TRNG_LFS_12(1.0),12/12/24 23:00:00,Annual,Percentage,Total,Total,From 18 to 74 years,Lithuania,2004,13.9,
ESTAT:TRNG_LFS_12(1.0),12/12/24 23:00:00,Annual,Percentage,Total,Total,From 18 to 74 years,Lithuania,2005,13.4,
ESTAT:TRNG_LFS_12(1.0),12/12/24 23:00:00,Annual,Percentage,Total,Total,From 18 to 74 years,Lithuania,2006,12.2,b
ESTAT:TRNG_LFS_12(1.0),12/12/24 23:00:00,Annual,Percentage,Total,Total,From 18 to 74 years,Lithuania,2007,13.0,
ESTAT:TRNG_LFS_12(1.0),12/12/24 23:00:00,Annual,Percentage,Total,Total,From 18 to 74 years,Lithuania,2008,12.5,
ESTAT:TRNG_LFS_12(1.0),12/12/24 23:00:00,Annual,Percentage,Total,Total,From 18 to 74 years,Lithuania,2009,12.5,
ESTAT:TRNG_LFS_12(1.0),12/12/24 23:00:00,Annual,Percentage,Total,Total,From 18 to 74 years,Lithuania,2010,12.4,
ESTAT:TRNG_LFS_12(1.0),12/12/24 23:00:00,Annual,Percentage,Total,Total,From 18 to 74 years,Lithuania,2011,13.8,
ESTAT:TRNG_LFS_12(1.0),12/12/24 23:00:00,Annual,Percentage,Total,Total,From 18 to 74 years,Lithuania,2012,13.1,
ESTAT:TRNG_LFS_12(1.0),12/12/24 23:00:00,Annual,Percentage,Total,Total,From 18 to 74 years,Lithuania,2013,12.7,
ESTAT:TRNG_LFS_12(1.0),12/12/24 23:00:00,Annual,Percentage,Total,Total,From 18 to 74 years,Lithuania,2014,11.8,
ESTAT:TRNG_LFS_12(1.0),12/12/24 23:00:00,Annual,Percentage,Total,Total,From 18 to 74 years,Lithuania,2015,12.0,
ESTAT:TRNG_LFS_12(1.0),12/12/24 23:00:00,Annual,Percentage,Total,Total,From 18 to 74 years,Lithuania,2016,12.1,
ESTAT:TRNG_LFS_12(1.0),12/12/24 23:00:00,Annual,Percentage,Total,Total,From 18 to 74 years,Lithuania,2017,12.0,
ESTAT:TRNG_LFS_12(1.0),12/12/24 23:00:00,Annual,Percentage,Total,Total,From 18 to 74 years,Lithuania,2018,12.4,
ESTAT:TRNG_LFS_12(1.0),12/12/24 23:00:00,Annual,Percentage,Total,Total,From 18 to 74 years,Lithuania,2019,12.3,
ESTAT:TRNG_LFS_12(1.0),12/12/24 23:00:00,Annual,Percentage,Total,Total,From 18 to 74 years,Lithuania,2020,12.0,
ESTAT:TRNG_LFS_12(1.0),12/12/24 23:00:00,Annual,Percentage,Total,Total,From 18 to 74 years,Lithuania,2021,12.2,b
ESTAT:TRNG_LFS_12(1.0),12/12/24 23:00:00,Annual,Percentage,Total,Total,From 18 to 74 years,Lithuania,2022,12.3,
ESTAT:TRNG_LFS_12(1.0),12/12/24 23:00:00,Annual,Percentage,Total,Total,From 18 to 74 years,Lithuania,2023,13.9,
ESTAT:TRNG_LFS_12(1.0),12/12/24 23:00:00,Annual,Percentage,Total,Total,From 18 to 74 years,Luxembourg,2004,14.8,
ESTAT:TRNG_LFS_12(1.0),12/12/24 23:00:00,Annual,Percentage,Total,Total,From 18 to 74 years,Luxembourg,2005,13.7,
ESTAT:TRNG_LFS_12(1.0),12/12/24 23:00:00,Annual,Percentage,Total,Total,From 18 to 74 years,Luxembourg,2006,13.4,b
ESTAT:TRNG_LFS_12(1.0),12/12/24 23:00:00,Annual,Percentage,Total,Total,From 18 to 74 years,Luxembourg,2007,13.1,b
ESTAT:TRNG_LFS_12(1.0),12/12/24 23:00:00,Annual,Percentage,Total,Total,From 18 to 74 years,Luxembourg,2008,14.1,
ESTAT:TRNG_LFS_12(1.0),12/12/24 23:00:00,Annual,Percentage,Total,Total,From 18 to 74 years,Luxembourg,2009,18.7,b
ESTAT:TRNG_LFS_12(1.0),12/12/24 23:00:00,Annual,Percentage,Total,Total,From 18 to 74 years,Luxembourg,2010,18.9,
ESTAT:TRNG_LFS_12(1.0),12/12/24 23:00:00,Annual,Percentage,Total,Total,From 18 to 74 years,Luxembourg,2011,19.5,
ESTAT:TRNG_LFS_12(1.0),12/12/24 23:00:00,Annual,Percentage,Total,Total,From 18 to 74 years,Luxembourg,2012,19.4,
ESTAT:TRNG_LFS_12(1.0),12/12/24 23:00:00,Annual,Percentage,Total,Total,From 18 to 74 years,Luxembourg,2013,19.7,
ESTAT:TRNG_LFS_12(1.0),12/12/24 23:00:00,Annual,Percentage,Total,Total,From 18 to 74 years,Luxembourg,2014,19.4,
ESTAT:TRNG_LFS_12(1.0),12/12/24 23:00:00,Annual,Percentage,Total,Total,From 18 to 74 years,Luxembourg,2015,23.2,b
ESTAT:TRNG_LFS_12(1.0),12/12/24 23:00:00,Annual,Percentage,Total,Total,From 18 to 74 years,Luxembourg,2016,21.1,
ESTAT:TRNG_LFS_12(1.0),12/12/24 23:00:00,Annual,Percentage,Total,Total,From 18 to 74 years,Luxembourg,2017,21.0,
ESTAT:TRNG_LFS_12(1.0),12/12/24 23:00:00,Annual,Percentage,Total,Total,From 18 to 74 years,Luxembourg,2018,21.5,
ESTAT:TRNG_LFS_12(1.0),12/12/24 23:00:00,Annual,Percentage,Total,Total,From 18 to 74 years,Luxembourg,2019,22.4,
ESTAT:TRNG_LFS_12(1.0),12/12/24 23:00:00,Annual,Percentage,Total,Total,From 18 to 74 years,Luxembourg,2020,20.7,
ESTAT:TRNG_LFS_12(1.0),12/12/24 23:00:00,Annual,Percentage,Total,Total,From 18 to 74 years,Luxembourg,2021,23.9,bu
ESTAT:TRNG_LFS_12(1.0),12/12/24 23:00:00,Annual,Percentage,Total,Total,From 18 to 74 years,Luxembourg,2022,23.9,u
ESTAT:TRNG_LFS_12(1.0),12/12/24 23:00:00,Annual,Percentage,Total,Total,From 18 to 74 years,Luxembourg,2023,20.2,
ESTAT:TRNG_LFS_12(1.0),12/12/24 23:00:00,Annual,Percentage,Total,Total,From 18 to 74 years,Latvia,2004,15.0,
ESTAT:TRNG_LFS_12(1.0),12/12/24 23:00:00,Annual,Percentage,Total,Total,From 18 to 74 years,Latvia,2005,13.9,
ESTAT:TRNG_LFS_12(1.0),12/12/24 23:00:00,Annual,Percentage,Total,Total,From 18 to 74 years,Latvia,2006,12.8,b
ESTAT:TRNG_LFS_12(1.0),12/12/24 23:00:00,Annual,Percentage,Total,Total,From 18 to 74 years,Latvia,2007,12.8,
ESTAT:TRNG_LFS_12(1.0),12/12/24 23:00:00,Annual,Percentage,Total,Total,From 18 to 74 years,Latvia,2008,12.9,
ESTAT:TRNG_LFS_12(1.0),12/12/24 23:00:00,Annual,Percentage,Total,Total,From 18 to 74 years,Latvia,2009,11.9,
ESTAT:TRNG_LFS_12(1.0),12/12/24 23:00:00,Annual,Percentage,Total,Total,From 18 to 74 years,Latvia,2010,11.5,
ESTAT:TRNG_LFS_12(1.0),12/12/24 23:00:00,Annual,Percentage,Total,Total,From 18 to 74 years,Latvia,2011,11.6,
ESTAT:TRNG_LFS_12(1.0),12/12/24 23:00:00,Annual,Percentage,Total,Total,From 18 to 74 years,Latvia,2012,12.7,
ESTAT:TRNG_LFS_12(1.0),12/12/24 23:00:00,Annual,Percentage,Total,Total,From 18 to 74 years,Latvia,2013,12.1,
ESTAT:TRNG_LFS_12(1.0),12/12/24 23:00:00,Annual,Percentage,Total,Total,From 18 to 74 years,Latvia,2014,10.5,
ESTAT:TRNG_LFS_12(1.0),12/12/24 23:00:00,Annual,Percentage,Total,Total,From 18 to 74 years,Latvia,2015,10.0,
ESTAT:TRNG_LFS_12(1.0),12/12/24 23:00:00,Annual,Percentage,Total,Total,From 18 to 74 years,Latvia,2016,11.1,
ESTAT:TRNG_LFS_12(1.0),12/12/24 23:00:00,Annual,Percentage,Total,Total,From 18 to 74 years,Latvia,2017,10.9,
ESTAT:TRNG_LFS_12(1.0),12/12/24 23:00:00,Annual,Percentage,Total,Total,From 18 to 74 years,Latvia,2018,10.0,
ESTAT:TRNG_LFS_12(1.0),12/12/24 23:00:00,Annual,Percentage,Total,Total,From 18 to 74 years,Latvia,2019,11.2,
ESTAT:TRNG_LFS_12(1.0),12/12/24 23:00:00,Annual,Percentage,Total,Total,From 18 to 74 years,Latvia,2020,10.4,
ESTAT:TRNG_LFS_12(1.0),12/12/24 23:00:00,Annual,Percentage,Total,Total,From 18 to 74 years,Latvia,2021,11.9,b
ESTAT:TRNG_LFS_12(1.0),12/12/24 23:00:00,Annual,Percentage,Total,Total,From 18 to 74 years,Latvia,2022,12.7,
ESTAT:TRNG_LFS_12(1.0),12/12/24 23:00:00,Annual,Percentage,Total,Total,From 18 to 74 years,Latvia,2023,13.8,
ESTAT:TRNG_LFS_12(1.0),12/12/24 23:00:00,Annual,Percentage,Total,Total,From 18 to 74 years,Montenegro,2011,9.6,
ESTAT:TRNG_LFS_12(1.0),12/12/24 23:00:00,Annual,Percentage,Total,Total,From 18 to 74 years,Montenegro,2012,9.6,
ESTAT:TRNG_LFS_12(1.0),12/12/24 23:00:00,Annual,Percentage,Total,Total,From 18 to 74 years,Montenegro,2013,10.1,
ESTAT:TRNG_LFS_12(1.0),12/12/24 23:00:00,Annual,Percentage,Total,Total,From 18 to 74 years,Montenegro,2014,10.0,
ESTAT:TRNG_LFS_12(1.0),12/12/24 23:00:00,Annual,Percentage,Total,Total,From 18 to 74 years,Montenegro,2015,10.0,
ESTAT:TRNG_LFS_12(1.0),12/12/24 23:00:00,Annual,Percentage,Total,Total,From 18 to 74 years,Montenegro,2016,10.1,
ESTAT:TRNG_LFS_12(1.0),12/12/24 23:00:00,Annual,Percentage,Total,Total,From 18 to 74 years,Montenegro,2017,9.6,
ESTAT:TRNG_LFS_12(1.0),12/12/24 23:00:00,Annual,Percentage,Total,Total,From 18 to 74 years,Montenegro,2018,9.9,
ESTAT:TRNG_LFS_12(1.0),12/12/24 23:00:00,Annual,Percentage,Total,Total,From 18 to 74 years,Montenegro,2019,8.9,
ESTAT:TRNG_LFS_12(1.0),12/12/24 23:00:00,Annual,Percentage,Total,Total,From 18 to 74 years,Montenegro,2020,8.9,
ESTAT:TRNG_LFS_12(1.0),12/12/24 23:00:00,Annual,Percentage,Total,Total,From 18 to 74 years,North Macedonia,2006,7.3,
ESTAT:TRNG_LFS_12(1.0),12/12/24 23:00:00,Annual,Percentage,Total,Total,From 18 to 74 years,North Macedonia,2007,8.7,b
ESTAT:TRNG_LFS_12(1.0),12/12/24 23:00:00,Annual,Percentage,Total,Total,From 18 to 74 years,North Macedonia,2008,8.7,
ESTAT:TRNG_LFS_12(1.0),12/12/24 23:00:00,Annual,Percentage,Total,Total,From 18 to 74 years,North Macedonia,2009,9.7,
ESTAT:TRNG_LFS_12(1.0),12/12/24 23:00:00,Annual,Percentage,Total,Total,From 18 to 74 years,North Macedonia,2010,9.9,
ESTAT:TRNG_LFS_12(1.0),12/12/24 23:00:00,Annual,Percentage,Total,Total,From 18 to 74 years,North Macedonia,2011,10.3,
ESTAT:TRNG_LFS_12(1.0),12/12/24 23:00:00,Annual,Percentage,Total,Total,From 18 to 74 years,North Macedonia,2012,10.2,
ESTAT:TRNG_LFS_12(1.0),12/12/24 23:00:00,Annual,Percentage,Total,Total,From 18 to 74 years,North Macedonia,2013,9.8,
ESTAT:TRNG_LFS_12(1.0),12/12/24 23:00:00,Annual,Percentage,Total,Total,From 18 to 74 years,North Macedonia,2014,9.5,
ESTAT:TRNG_LFS_12(1.0),12/12/24 23:00:00,Annual,Percentage,Total,Total,From 18 to 74 years,North Macedonia,2015,8.3,
ESTAT:TRNG_LFS_12(1.0),12/12/24 23:00:00,Annual,Percentage,Total,Total,From 18 to 74 years,North Macedonia,2016,8.4,
ESTAT:TRNG_LFS_12(1.0),12/12/24 23:00:00,Annual,Percentage,Total,Total,From 18 to 74 years,North Macedonia,2017,7.6,
ESTAT:TRNG_LFS_12(1.0),12/12/24 23:00:00,Annual,Percentage,Total,Total,From 18 to 74 years,North Macedonia,2018,7.5,
ESTAT:TRNG_LFS_12(1.0),12/12/24 23:00:00,Annual,Percentage,Total,Total,From 18 to 74 years,North Macedonia,2019,7.8,
ESTAT:TRNG_LFS_12(1.0),12/12/24 23:00:00,Annual,Percentage,Total,Total,From 18 to 74 years,North Macedonia,2020,7.6,
ESTAT:TRNG_LFS_12(1.0),12/12/24 23:00:00,Annual,Percentage,Total,Total,From 18 to 74 years,Malta,2004,8.8,d
ESTAT:TRNG_LFS_12(1.0),12/12/24 23:00:00,Annual,Percentage,Total,Total,From 18 to 74 years,Malta,2005,8.5,b
ESTAT:TRNG_LFS_12(1.0),12/12/24 23:00:00,Annual,Percentage,Total,Total,From 18 to 74 years,Malta,2006,9.1,b
ESTAT:TRNG_LFS_12(1.0),12/12/24 23:00:00,Annual,Percentage,Total,Total,From 18 to 74 years,Malta,2007,9.5,
ESTAT:TRNG_LFS_12(1.0),12/12/24 23:00:00,Annual,Percentage,Total,Total,From 18 to 74 years,Malta,2008,10.4,
ESTAT:TRNG_LFS_12(1.0),12/12/24 23:00:00,Annual,Percentage,Total,Total,From 18 to 74 years,Malta,2009,10.5,
ESTAT:TRNG_LFS_12(1.0),12/12/24 23:00:00,Annual,Percentage,Total,Total,From 18 to 74 years,Malta,2010,10.5,
ESTAT:TRNG_LFS_12(1.0),12/12/24 23:00:00,Annual,Percentage,Total,Total,From 18 to 74 years,Malta,2011,10.7,
ESTAT:TRNG_LFS_12(1.0),12/12/24 23:00:00,Annual,Percentage,Total,Total,From 18 to 74 years,Malta,2012,11.4,
ESTAT:TRNG_LFS_12(1.0),12/12/24 23:00:00,Annual,Percentage,Total,Total,From 18 to 74 years,Malta,2013,11.7,
ESTAT:TRNG_LFS_12(1.0),12/12/24 23:00:00,Annual,Percentage,Total,Total,From 18 to 74 years,Malta,2014,11.6,
ESTAT:TRNG_LFS_12(1.0),12/12/24 23:00:00,Annual,Percentage,Total,Total,From 18 to 74 years,Malta,2015,10.9,
ESTAT:TRNG_LFS_12(1.0),12/12/24 23:00:00,Annual,Percentage,Total,Total,From 18 to 74 years,Malta,2016,11.5,
ESTAT:TRNG_LFS_12(1.0),12/12/24 23:00:00,Annual,Percentage,Total,Total,From 18 to 74 years,Malta,2017,13.7,b
ESTAT:TRNG_LFS_12(1.0),12/12/24 23:00:00,Annual,Percentage,Total,Total,From 18 to 74 years,Malta,2018,13.7,
ESTAT:TRNG_LFS_12(1.0),12/12/24 23:00:00,Annual,Percentage,Total,Total,From 18 to 74 years,Malta,2019,14.4,
ESTAT:TRNG_LFS_12(1.0),12/12/24 23:00:00,Annual,Percentage,Total,Total,From 18 to 74 years,Malta,2020,13.6,
ESTAT:TRNG_LFS_12(1.0),12/12/24 23:00:00,Annual,Percentage,Total,Total,From 18 to 74 years,Malta,2021,16.0,b
ESTAT:TRNG_LFS_12(1.0),12/12/24 23:00:00,Annual,Percentage,Total,Total,From 18 to 74 years,Malta,2022,14.9,
ESTAT:TRNG_LFS_12(1.0),12/12/24 23:00:00,Annual,Percentage,Total,Total,From 18 to 74 years,Malta,2023,18.2,
ESTAT:TRNG_LFS_12(1.0),12/12/24 23:00:00,Annual,Percentage,Total,Total,From 18 to 74 years,Netherlands,2004,21.2,
ESTAT:TRNG_LFS_12(1.0),12/12/24 23:00:00,Annual,Percentage,Total,Total,From 18 to 74 years,Netherlands,2005,19.9,b
ESTAT:TRNG_LFS_12(1.0),12/12/24 23:00:00,Annual,Percentage,Total,Total,From 18 to 74 years,Netherlands,2006,20.5,b
ESTAT:TRNG_LFS_12(1.0),12/12/24 23:00:00,Annual,Percentage,Total,Total,From 18 to 74 years,Netherlands,2007,21.5,
ESTAT:TRNG_LFS_12(1.0),12/12/24 23:00:00,Annual,Percentage,Total,Total,From 18 to 74 years,Netherlands,2008,22.0,
ESTAT:TRNG_LFS_12(1.0),12/12/24 23:00:00,Annual,Percentage,Total,Total,From 18 to 74 years,Netherlands,2009,21.9,
ESTAT:TRNG_LFS_12(1.0),12/12/24 23:00:00,Annual,Percentage,Total,Total,From 18 to 74 years,Netherlands,2010,22.0,
ESTAT:TRNG_LFS_12(1.0),12/12/24 23:00:00,Annual,Percentage,Total,Total,From 18 to 74 years,Netherlands,2011,22.0,b
ESTAT:TRNG_LFS_12(1.0),12/12/24 23:00:00,Annual,Percentage,Total,Total,From 18 to 74 years,Netherlands,2012,21.7,
ESTAT:TRNG_LFS_12(1.0),12/12/24 23:00:00,Annual,Percentage,Total,Total,From 18 to 74 years,Netherlands,2013,22.2,b
ESTAT:TRNG_LFS_12(1.0),12/12/24 23:00:00,Annual,Percentage,Total,Total,From 18 to 74 years,Netherlands,2014,22.6,
ESTAT:TRNG_LFS_12(1.0),12/12/24 23:00:00,Annual,Percentage,Total,Total,From 18 to 74 years,Netherlands,2015,23.2,
ESTAT:TRNG_LFS_12(1.0),12/12/24 23:00:00,Annual,Percentage,Total,Total,From 18 to 74 years,Netherlands,2016,23.1,
ESTAT:TRNG_LFS_12(1.0),12/12/24 23:00:00,Annual,Percentage,Total,Total,From 18 to 74 years,Netherlands,2017,23.4,
ESTAT:TRNG_LFS_12(1.0),12/12/24 23:00:00,Annual,Percentage,Total,Total,From 18 to 74 years,Netherlands,2018,23.3,
ESTAT:TRNG_LFS_12(1.0),12/12/24 23:00:00,Annual,Percentage,Total,Total,From 18 to 74 years,Netherlands,2019,23.6,
ESTAT:TRNG_LFS_12(1.0),12/12/24 23:00:00,Annual,Percentage,Total,Total,From 18 to 74 years,Netherlands,2020,23.1,
ESTAT:TRNG_LFS_12(1.0),12/12/24 23:00:00,Annual,Percentage,Total,Total,From 18 to 74 years,Netherlands,2021,29.6,b
ESTAT:TRNG_LFS_12(1.0),12/12/24 23:00:00,Annual,Percentage,Total,Total,From 18 to 74 years,Netherlands,2022,29.4,
ESTAT:TRNG_LFS_12(1.0),12/12/24 23:00:00,Annual,Percentage,Total,Total,From 18 to 74 years,Netherlands,2023,29.3,
ESTAT:TRNG_LFS_12(1.0),12/12/24 23:00:00,Annual,Percentage,Total,Total,From 18 to 74 years,Norway,2004,22.9,
ESTAT:TRNG_LFS_12(1.0),12/12/24 23:00:00,Annual,Percentage,Total,Total,From 18 to 74 years,Norway,2005,21.6,
ESTAT:TRNG_LFS_12(1.0),12/12/24 23:00:00,Annual,Percentage,Total,Total,From 18 to 74 years,Norway,2006,23.2,b
ESTAT:TRNG_LFS_12(1.0),12/12/24 23:00:00,Annual,Percentage,Total,Total,From 18 to 74 years,Norway,2007,22.5,
ESTAT:TRNG_LFS_12(1.0),12/12/24 23:00:00,Annual,Percentage,Total,Total,From 18 to 74 years,Norway,2008,24.2,
ESTAT:TRNG_LFS_12(1.0),12/12/24 23:00:00,Annual,Percentage,Total,Total,From 18 to 74 years,Norway,2009,23.1,
ESTAT:TRNG_LFS_12(1.0),12/12/24 23:00:00,Annual,Percentage,Total,Total,From 18 to 74 years,Norway,2010,22.9,
ESTAT:TRNG_LFS_12(1.0),12/12/24 23:00:00,Annual,Percentage,Total,Total,From 18 to 74 years,Norway,2011,23.3,
ESTAT:TRNG_LFS_12(1.0),12/12/24 23:00:00,Annual,Percentage,Total,Total,From 18 to 74 years,Norway,2012,25.0,
ESTAT:TRNG_LFS_12(1.0),12/12/24 23:00:00,Annual,Percentage,Total,Total,From 18 to 74 years,Norway,2013,25.3,
ESTAT:TRNG_LFS_12(1.0),12/12/24 23:00:00,Annual,Percentage,Total,Total,From 18 to 74 years,Norway,2014,24.5,
ESTAT:TRNG_LFS_12(1.0),12/12/24 23:00:00,Annual,Percentage,Total,Total,From 18 to 74 years,Norway,2015,24.8,
ESTAT:TRNG_LFS_12(1.0),12/12/24 23:00:00,Annual,Percentage,Total,Total,From 18 to 74 years,Norway,2016,24.5,
ESTAT:TRNG_LFS_12(1.0),12/12/24 23:00:00,Annual,Percentage,Total,Total,From 18 to 74 years,Norway,2017,25.0,
ESTAT:TRNG_LFS_12(1.0),12/12/24 23:00:00,Annual,Percentage,Total,Total,From 18 to 74 years,Norway,2018,24.6,
ESTAT:TRNG_LFS_12(1.0),12/12/24 23:00:00,Annual,Percentage,Total,Total,From 18 to 74 years,Norway,2019,24.2,
ESTAT:TRNG_LFS_12(1.0),12/12/24 23:00:00,Annual,Percentage,Total,Total,From 18 to 74 years,Norway,2020,21.5,
ESTAT:TRNG_LFS_12(1.0),12/12/24 23:00:00,Annual,Percentage,Total,Total,From 18 to 74 years,Norway,2021,22.9,b
ESTAT:TRNG_LFS_12(1.0),12/12/24 23:00:00,Annual,Percentage,Total,Total,From 18 to 74 years,Norway,2022,24.1,
ESTAT:TRNG_LFS_12(1.0),12/12/24 23:00:00,Annual,Percentage,Total,Total,From 18 to 74 years,Norway,2023,24.9,
ESTAT:TRNG_LFS_12(1.0),12/12/24 23:00:00,Annual,Percentage,Total,Total,From 18 to 74 years,Poland,2004,15.7,u
ESTAT:TRNG_LFS_12(1.0),12/12/24 23:00:00,Annual,Percentage,Total,Total,From 18 to 74 years,Poland,2005,15.0,u
ESTAT:TRNG_LFS_12(1.0),12/12/24 23:00:00,Annual,Percentage,Total,Total,From 18 to 74 years,Poland,2006,14.6,u
ESTAT:TRNG_LFS_12(1.0),12/12/24 23:00:00,Annual,Percentage,Total,Total,From 18 to 74 years,Poland,2007,14.9,u
ESTAT:TRNG_LFS_12(1.0),12/12/24 23:00:00,Annual,Percentage,Total,Total,From 18 to 74 years,Poland,2008,14.3,bu
ESTAT:TRNG_LFS_12(1.0),12/12/24 23:00:00,Annual,Percentage,Total,Total,From 18 to 74 years,Poland,2009,13.7,u
ESTAT:TRNG_LFS_12(1.0),12/12/24 23:00:00,Annual,Percentage,Total,Total,From 18 to 74 years,Poland,2010,12.5,b
ESTAT:TRNG_LFS_12(1.0),12/12/24 23:00:00,Annual,Percentage,Total,Total,From 18 to 74 years,Poland,2011,11.5,
ESTAT:TRNG_LFS_12(1.0),12/12/24 23:00:00,Annual,Percentage,Total,Total,From 18 to 74 years,Poland,2012,11.3,
ESTAT:TRNG_LFS_12(1.0),12/12/24 23:00:00,Annual,Percentage,Total,Total,From 18 to 74 years,Poland,2013,10.8,b
ESTAT:TRNG_LFS_12(1.0),12/12/24 23:00:00,Annual,Percentage,Total,Total,From 18 to 74 years,Poland,2014,10.0,
ESTAT:TRNG_LFS_12(1.0),12/12/24 23:00:00,Annual,Percentage,Total,Total,From 18 to 74 years,Poland,2015,9.4,
ESTAT:TRNG_LFS_12(1.0),12/12/24 23:00:00,Annual,Percentage,Total,Total,From 18 to 74 years,Poland,2016,9.1,
ESTAT:TRNG_LFS_12(1.0),12/12/24 23:00:00,Annual,Percentage,Total,Total,From 18 to 74 years,Poland,2017,9.0,
ESTAT:TRNG_LFS_12(1.0),12/12/24 23:00:00,Annual,Percentage,Total,Total,From 18 to 74 years,Poland,2018,10.2,b
ESTAT:TRNG_LFS_12(1.0),12/12/24 23:00:00,Annual,Percentage,Total,Total,From 18 to 74 years,Poland,2019,9.4,b
ESTAT:TRNG_LFS_12(1.0),12/12/24 23:00:00,Annual,Percentage,Total,Total,From 18 to 74 years,Poland,2020,8.5,
ESTAT:TRNG_LFS_12(1.0),12/12/24 23:00:00,Annual,Percentage,Total,Total,From 18 to 74 years,Poland,2021,9.7,b
ESTAT:TRNG_LFS_12(1.0),12/12/24 23:00:00,Annual,Percentage,Total,Total,From 18 to 74 years,Poland,2022,11.5,
ESTAT:TRNG_LFS_12(1.0),12/12/24 23:00:00,Annual,Percentage,Total,Total,From 18 to 74 years,Poland,2023,12.4,
ESTAT:TRNG_LFS_12(1.0),12/12/24 23:00:00,Annual,Percentage,Total,Total,From 18 to 74 years,Portugal,2004,9.4,
ESTAT:TRNG_LFS_12(1.0),12/12/24 23:00:00,Annual,Percentage,Total,Total,From 18 to 74 years,Portugal,2005,8.8,
ESTAT:TRNG_LFS_12(1.0),12/12/24 23:00:00,Annual,Percentage,Total,Total,From 18 to 74 years,Portugal,2006,8.5,b
ESTAT:TRNG_LFS_12(1.0),12/12/24 23:00:00,Annual,Percentage,Total,Total,From 18 to 74 years,Portugal,2007,8.4,
ESTAT:TRNG_LFS_12(1.0),12/12/24 23:00:00,Annual,Percentage,Total,Total,From 18 to 74 years,Portugal,2008,9.2,
ESTAT:TRNG_LFS_12(1.0),12/12/24 23:00:00,Annual,Percentage,Total,Total,From 18 to 74 years,Portugal,2009,10.3,
ESTAT:TRNG_LFS_12(1.0),12/12/24 23:00:00,Annual,Percentage,Total,Total,From 18 to 74 years,Portugal,2010,9.8,
ESTAT:TRNG_LFS_12(1.0),12/12/24 23:00:00,Annual,Percentage,Total,Total,From 18 to 74 years,Portugal,2011,14.9,b
ESTAT:TRNG_LFS_12(1.0),12/12/24 23:00:00,Annual,Percentage,Total,Total,From 18 to 74 years,Portugal,2012,14.2,
ESTAT:TRNG_LFS_12(1.0),12/12/24 23:00:00,Annual,Percentage,Total,Total,From 18 to 74 years,Portugal,2013,13.7,
ESTAT:TRNG_LFS_12(1.0),12/12/24 23:00:00,Annual,Percentage,Total,Total,From 18 to 74 years,Portugal,2014,13.6,
ESTAT:TRNG_LFS_12(1.0),12/12/24 23:00:00,Annual,Percentage,Total,Total,From 18 to 74 years,Portugal,2015,13.8,
ESTAT:TRNG_LFS_12(1.0),12/12/24 23:00:00,Annual,Percentage,Total,Total,From 18 to 74 years,Portugal,2016,13.7,
ESTAT:TRNG_LFS_12(1.0),12/12/24 23:00:00,Annual,Percentage,Total,Total,From 18 to 74 years,Portugal,2017,13.7,
ESTAT:TRNG_LFS_12(1.0),12/12/24 23:00:00,Annual,Percentage,Total,Total,From 18 to 74 years,Portugal,2018,14.1,
ESTAT:TRNG_LFS_12(1.0),12/12/24 23:00:00,Annual,Percentage,Total,Total,From 18 to 74 years,Portugal,2019,14.3,
ESTAT:TRNG_LFS_12(1.0),12/12/24 23:00:00,Annual,Percentage,Total,Total,From 18 to 74 years,Portugal,2020,13.8,
ESTAT:TRNG_LFS_12(1.0),12/12/24 23:00:00,Annual,Percentage,Total,Total,From 18 to 74 years,Portugal,2021,16.2,b
ESTAT:TRNG_LFS_12(1.0),12/12/24 23:00:00,Annual,Percentage,Total,Total,From 18 to 74 years,Portugal,2022,17.0,
ESTAT:TRNG_LFS_12(1.0),12/12/24 23:00:00,Annual,Percentage,Total,Total,From 18 to 74 years,Portugal,2023,16.4,
ESTAT:TRNG_LFS_12(1.0),12/12/24 23:00:00,Annual,Percentage,Total,Total,From 18 to 74 years,Romania,2004,6.6,
ESTAT:TRNG_LFS_12(1.0),12/12/24 23:00:00,Annual,Percentage,Total,Total,From 18 to 74 years,Romania,2005,7.4,
ESTAT:TRNG_LFS_12(1.0),12/12/24 23:00:00,Annual,Percentage,Total,Total,From 18 to 74 years,Romania,2006,7.9,b
ESTAT:TRNG_LFS_12(1.0),12/12/24 23:00:00,Annual,Percentage,Total,Total,From 18 to 74 years,Romania,2007,8.1,
ESTAT:TRNG_LFS_12(1.0),12/12/24 23:00:00,Annual,Percentage,Total,Total,From 18 to 74 years,Romania,2008,8.8,
ESTAT:TRNG_LFS_12(1.0),12/12/24 23:00:00,Annual,Percentage,Total,Total,From 18 to 74 years,Romania,2009,8.4,
ESTAT:TRNG_LFS_12(1.0),12/12/24 23:00:00,Annual,Percentage,Total,Total,From 18 to 74 years,Romania,2010,7.2,b
ESTAT:TRNG_LFS_12(1.0),12/12/24 23:00:00,Annual,Percentage,Total,Total,From 18 to 74 years,Romania,2011,7.4,
ESTAT:TRNG_LFS_12(1.0),12/12/24 23:00:00,Annual,Percentage,Total,Total,From 18 to 74 years,Romania,2012,7.2,
ESTAT:TRNG_LFS_12(1.0),12/12/24 23:00:00,Annual,Percentage,Total,Total,From 18 to 74 years,Romania,2013,7.5,
ESTAT:TRNG_LFS_12(1.0),12/12/24 23:00:00,Annual,Percentage,Total,Total,From 18 to 74 years,Romania,2014,6.7,
ESTAT:TRNG_LFS_12(1.0),12/12/24 23:00:00,Annual,Percentage,Total,Total,From 18 to 74 years,Romania,2015,5.8,
ESTAT:TRNG_LFS_12(1.0),12/12/24 23:00:00,Annual,Percentage,Total,Total,From 18 to 74 years,Romania,2016,6.1,
ESTAT:TRNG_LFS_12(1.0),12/12/24 23:00:00,Annual,Percentage,Total,Total,From 18 to 74 years,Romania,2017,5.9,
ESTAT:TRNG_LFS_12(1.0),12/12/24 23:00:00,Annual,Percentage,Total,Total,From 18 to 74 years,Romania,2018,5.9,
ESTAT:TRNG_LFS_12(1.0),12/12/24 23:00:00,Annual,Percentage,Total,Total,From 18 to 74 years,Romania,2019,6.0,
ESTAT:TRNG_LFS_12(1.0),12/12/24 23:00:00,Annual,Percentage,Total,Total,From 18 to 74 years,Romania,2020,5.7,
ESTAT:TRNG_LFS_12(1.0),12/12/24 23:00:00,Annual,Percentage,Total,Total,From 18 to 74 years,Romania,2021,8.7,b
ESTAT:TRNG_LFS_12(1.0),12/12/24 23:00:00,Annual,Percentage,Total,Total,From 18 to 74 years,Romania,2022,9.5,
ESTAT:TRNG_LFS_12(1.0),12/12/24 23:00:00,Annual,Percentage,Total,Total,From 18 to 74 years,Romania,2023,10.3,
ESTAT:TRNG_LFS_12(1.0),12/12/24 23:00:00,Annual,Percentage,Total,Total,From 18 to 74 years,Serbia,2010,9.0,
ESTAT:TRNG_LFS_12(1.0),12/12/24 23:00:00,Annual,Percentage,Total,Total,From 18 to 74 years,Serbia,2011,8.8,
ESTAT:TRNG_LFS_12(1.0),12/12/24 23:00:00,Annual,Percentage,Total,Total,From 18 to 74 years,Serbia,2012,8.7,
ESTAT:TRNG_LFS_12(1.0),12/12/24 23:00:00,Annual,Percentage,Total,Total,From 18 to 74 years,Serbia,2013,9.0,
ESTAT:TRNG_LFS_12(1.0),12/12/24 23:00:00,Annual,Percentage,Total,Total,From 18 to 74 years,Serbia,2014,9.4,b
ESTAT:TRNG_LFS_12(1.0),12/12/24 23:00:00,Annual,Percentage,Total,Total,From 18 to 74 years,Serbia,2015,9.6,
ESTAT:TRNG_LFS_12(1.0),12/12/24 23:00:00,Annual,Percentage,Total,Total,From 18 to 74 years,Serbia,2016,9.8,
ESTAT:TRNG_LFS_12(1.0),12/12/24 23:00:00,Annual,Percentage,Total,Total,From 18 to 74 years,Serbia,2017,8.9,
ESTAT:TRNG_LFS_12(1.0),12/12/24 23:00:00,Annual,Percentage,Total,Total,From 18 to 74 years,Serbia,2018,8.4,
ESTAT:TRNG_LFS_12(1.0),12/12/24 23:00:00,Annual,Percentage,Total,Total,From 18 to 74 years,Serbia,2019,8.6,
ESTAT:TRNG_LFS_12(1.0),12/12/24 23:00:00,Annual,Percentage,Total,Total,From 18 to 74 years,Serbia,2020,8.0,
ESTAT:TRNG_LFS_12(1.0),12/12/24 23:00:00,Annual,Percentage,Total,Total,From 18 to 74 years,Serbia,2021,8.2,b
ESTAT:TRNG_LFS_12(1.0),12/12/24 23:00:00,Annual,Percentage,Total,Total,From 18 to 74 years,Serbia,2022,9.0,
ESTAT:TRNG_LFS_12(1.0),12/12/24 23:00:00,Annual,Percentage,Total,Total,From 18 to 74 years,Serbia,2023,10.0,
ESTAT:TRNG_LFS_12(1.0),12/12/24 23:00:00,Annual,Percentage,Total,Total,From 18 to 74 years,Sweden,2004,37.6,u
ESTAT:TRNG_LFS_12(1.0),12/12/24 23:00:00,Annual,Percentage,Total,Total,From 18 to 74 years,Sweden,2005,23.8,b
ESTAT:TRNG_LFS_12(1.0),12/12/24 23:00:00,Annual,Percentage,Total,Total,From 18 to 74 years,Sweden,2006,22.2,b
ESTAT:TRNG_LFS_12(1.0),12/12/24 23:00:00,Annual,Percentage,Total,Total,From 18 to 74 years,Sweden,2007,22.5,b
ESTAT:TRNG_LFS_12(1.0),12/12/24 23:00:00,Annual,Percentage,Total,Total,From 18 to 74 years,Sweden,2008,25.4,b
ESTAT:TRNG_LFS_12(1.0),12/12/24 23:00:00,Annual,Percentage,Total,Total,From 18 to 74 years,Sweden,2009,25.6,
ESTAT:TRNG_LFS_12(1.0),12/12/24 23:00:00,Annual,Percentage,Total,Total,From 18 to 74 years,Sweden,2010,27.8,
ESTAT:TRNG_LFS_12(1.0),12/12/24 23:00:00,Annual,Percentage,Total,Total,From 18 to 74 years,Sweden,2011,28.1,
ESTAT:TRNG_LFS_12(1.0),12/12/24 23:00:00,Annual,Percentage,Total,Total,From 18 to 74 years,Sweden,2012,29.5,
ESTAT:TRNG_LFS_12(1.0),12/12/24 23:00:00,Annual,Percentage,Total,Total,From 18 to 74 years,Sweden,2013,30.6,
ESTAT:TRNG_LFS_12(1.0),12/12/24 23:00:00,Annual,Percentage,Total,Total,From 18 to 74 years,Sweden,2014,31.3,
ESTAT:TRNG_LFS_12(1.0),12/12/24 23:00:00,Annual,Percentage,Total,Total,From 18 to 74 years,Sweden,2015,31.4,
ESTAT:TRNG_LFS_12(1.0),12/12/24 23:00:00,Annual,Percentage,Total,Total,From 18 to 74 years,Sweden,2016,31.0,
ESTAT:TRNG_LFS_12(1.0),12/12/24 23:00:00,Annual,Percentage,Total,Total,From 18 to 74 years,Sweden,2017,31.6,
ESTAT:TRNG_LFS_12(1.0),12/12/24 23:00:00,Annual,Percentage,Total,Total,From 18 to 74 years,Sweden,2018,32.6,b
ESTAT:TRNG_LFS_12(1.0),12/12/24 23:00:00,Annual,Percentage,Total,Total,From 18 to 74 years,Sweden,2019,35.6,
ESTAT:TRNG_LFS_12(1.0),12/12/24 23:00:00,Annual,Percentage,Total,Total,From 18 to 74 years,Sweden,2020,30.2,
ESTAT:TRNG_LFS_12(1.0),12/12/24 23:00:00,Annual,Percentage,Total,Total,From 18 to 74 years,Sweden,2021,34.7,b
ESTAT:TRNG_LFS_12(1.0),12/12/24 23:00:00,Annual,Percentage,Total,Total,From 18 to 74 years,Sweden,2022,36.2,
ESTAT:TRNG_LFS_12(1.0),12/12/24 23:00:00,Annual,Percentage,Total,Total,From 18 to 74 years,Sweden,2023,39.0,
ESTAT:TRNG_LFS_12(1.0),12/12/24 23:00:00,Annual,Percentage,Total,Total,From 18 to 74 years,Slovenia,2004,23.2,
ESTAT:TRNG_LFS_12(1.0),12/12/24 23:00:00,Annual,Percentage,Total,Total,From 18 to 74 years,Slovenia,2005,20.4,
ESTAT:TRNG_LFS_12(1.0),12/12/24 23:00:00,Annual,Percentage,Total,Total,From 18 to 74 years,Slovenia,2006,20.4,b
ESTAT:TRNG_LFS_12(1.0),12/12/24 23:00:00,Annual,Percentage,Total,Total,From 18 to 74 years,Slovenia,2007,20.3,
ESTAT:TRNG_LFS_12(1.0),12/12/24 23:00:00,Annual,Percentage,Total,Total,From 18 to 74 years,Slovenia,2008,19.7,
ESTAT:TRNG_LFS_12(1.0),12/12/24 23:00:00,Annual,Percentage,Total,Total,From 18 to 74 years,Slovenia,2009,20.4,
ESTAT:TRNG_LFS_12(1.0),12/12/24 23:00:00,Annual,Percentage,Total,Total,From 18 to 74 years,Slovenia,2010,21.5,
ESTAT:TRNG_LFS_12(1.0),12/12/24 23:00:00,Annual,Percentage,Total,Total,From 18 to 74 years,Slovenia,2011,21.4,
ESTAT:TRNG_LFS_12(1.0),12/12/24 23:00:00,Annual,Percentage,Total,Total,From 18 to 74 years,Slovenia,2012,19.3,
ESTAT:TRNG_LFS_12(1.0),12/12/24 23:00:00,Annual,Percentage,Total,Total,From 18 to 74 years,Slovenia,2013,18.3,
ESTAT:TRNG_LFS_12(1.0),12/12/24 23:00:00,Annual,Percentage,Total,Total,From 18 to 74 years,Slovenia,2014,17.4,
ESTAT:TRNG_LFS_12(1.0),12/12/24 23:00:00,Annual,Percentage,Total,Total,From 18 to 74 years,Slovenia,2015,16.4,
ESTAT:TRNG_LFS_12(1.0),12/12/24 23:00:00,Annual,Percentage,Total,Total,From 18 to 74 years,Slovenia,2016,16.1,
ESTAT:TRNG_LFS_12(1.0),12/12/24 23:00:00,Annual,Percentage,Total,Total,From 18 to 74 years,Slovenia,2017,16.2,
ESTAT:TRNG_LFS_12(1.0),12/12/24 23:00:00,Annual,Percentage,Total,Total,From 18 to 74 years,Slovenia,2018,15.6,
ESTAT:TRNG_LFS_12(1.0),12/12/24 23:00:00,Annual,Percentage,Total,Total,From 18 to 74 years,Slovenia,2019,15.1,
ESTAT:TRNG_LFS_12(1.0),12/12/24 23:00:00,Annual,Percentage,Total,Total,From 18 to 74 years,Slovenia,2020,12.8,
ESTAT:TRNG_LFS_12(1.0),12/12/24 23:00:00,Annual,Percentage,Total,Total,From 18 to 74 years,Slovenia,2021,22.2,b
ESTAT:TRNG_LFS_12(1.0),12/12/24 23:00:00,Annual,Percentage,Total,Total,From 18 to 74 years,Slovenia,2022,24.9,
ESTAT:TRNG_LFS_12(1.0),12/12/24 23:00:00,Annual,Percentage,Total,Total,From 18 to 74 years,Slovenia,2023,22.6,b
ESTAT:TRNG_LFS_12(1.0),12/12/24 23:00:00,Annual,Percentage,Total,Total,From 18 to 74 years,Slovakia,2004,10.7,
ESTAT:TRNG_LFS_12(1.0),12/12/24 23:00:00,Annual,Percentage,Total,Total,From 18 to 74 years,Slovakia,2005,10.9,
ESTAT:TRNG_LFS_12(1.0),12/12/24 23:00:00,Annual,Percentage,Total,Total,From 18 to 74 years,Slovakia,2006,10.8,b
ESTAT:TRNG_LFS_12(1.0),12/12/24 23:00:00,Annual,Percentage,Total,Total,From 18 to 74 years,Slovakia,2007,10.8,
ESTAT:TRNG_LFS_12(1.0),12/12/24 23:00:00,Annual,Percentage,Total,Total,From 18 to 74 years,Slovakia,2008,10.6,
ESTAT:TRNG_LFS_12(1.0),12/12/24 23:00:00,Annual,Percentage,Total,Total,From 18 to 74 years,Slovakia,2009,10.3,
ESTAT:TRNG_LFS_12(1.0),12/12/24 23:00:00,Annual,Percentage,Total,Total,From 18 to 74 years,Slovakia,2010,10.3,
ESTAT:TRNG_LFS_12(1.0),12/12/24 23:00:00,Annual,Percentage,Total,Total,From 18 to 74 years,Slovakia,2011,10.9,b
ESTAT:TRNG_LFS_12(1.0),12/12/24 23:00:00,Annual,Percentage,Total,Total,From 18 to 74 years,Slovakia,2012,10.0,
ESTAT:TRNG_LFS_12(1.0),12/12/24 23:00:00,Annual,Percentage,Total,Total,From 18 to 74 years,Slovakia,2013,9.8,
ESTAT:TRNG_LFS_12(1.0),12/12/24 23:00:00,Annual,Percentage,Total,Total,From 18 to 74 years,Slovakia,2014,9.5,
ESTAT:TRNG_LFS_12(1.0),12/12/24 23:00:00,Annual,Percentage,Total,Total,From 18 to 74 years,Slovakia,2015,8.9,
ESTAT:TRNG_LFS_12(1.0),12/12/24 23:00:00,Annual,Percentage,Total,Total,From 18 to 74 years,Slovakia,2016,8.5,
ESTAT:TRNG_LFS_12(1.0),12/12/24 23:00:00,Annual,Percentage,Total,Total,From 18 to 74 years,Slovakia,2017,8.3,
ESTAT:TRNG_LFS_12(1.0),12/12/24 23:00:00,Annual,Percentage,Total,Total,From 18 to 74 years,Slovakia,2018,8.9,
ESTAT:TRNG_LFS_12(1.0),12/12/24 23:00:00,Annual,Percentage,Total,Total,From 18 to 74 years,Slovakia,2019,8.6,
ESTAT:TRNG_LFS_12(1.0),12/12/24 23:00:00,Annual,Percentage,Total,Total,From 18 to 74 years,Slovakia,2020,7.8,
ESTAT:TRNG_LFS_12(1.0),12/12/24 23:00:00,Annual,Percentage,Total,Total,From 18 to 74 years,Slovakia,2021,9.5,b
ESTAT:TRNG_LFS_12(1.0),12/12/24 23:00:00,Annual,Percentage,Total,Total,From 18 to 74 years,Slovakia,2022,15.9,b
ESTAT:TRNG_LFS_12(1.0),12/12/24 23:00:00,Annual,Percentage,Total,Total,From 18 to 74 years,Slovakia,2023,14.0,
ESTAT:TRNG_LFS_12(1.0),12/12/24 23:00:00,Annual,Percentage,Total,Total,From 18 to 74 years,Türkiye,2006,5.6,
ESTAT:TRNG_LFS_12(1.0),12/12/24 23:00:00,Annual,Percentage,Total,Total,From 18 to 74 years,Türkiye,2007,5.4,
ESTAT:TRNG_LFS_12(1.0),12/12/24 23:00:00,Annual,Percentage,Total,Total,From 18 to 74 years,Türkiye,2008,5.9,
ESTAT:TRNG_LFS_12(1.0),12/12/24 23:00:00,Annual,Percentage,Total,Total,From 18 to 74 years,Türkiye,2009,7.0,
ESTAT:TRNG_LFS_12(1.0),12/12/24 23:00:00,Annual,Percentage,Total,Total,From 18 to 74 years,Türkiye,2010,7.5,
ESTAT:TRNG_LFS_12(1.0),12/12/24 23:00:00,Annual,Percentage,Total,Total,From 18 to 74 years,Türkiye,2011,7.9,
ESTAT:TRNG_LFS_12(1.0),12/12/24 23:00:00,Annual,Percentage,Total,Total,From 18 to 74 years,Türkiye,2012,8.6,
ESTAT:TRNG_LFS_12(1.0),12/12/24 23:00:00,Annual,Percentage,Total,Total,From 18 to 74 years,Türkiye,2013,9.5,
ESTAT:TRNG_LFS_12(1.0),12/12/24 23:00:00,Annual,Percentage,Total,Total,From 18 to 74 years,Türkiye,2014,10.5,b
ESTAT:TRNG_LFS_12(1.0),12/12/24 23:00:00,Annual,Percentage,Total,Total,From 18 to 74 years,Türkiye,2015,10.4,
ESTAT:TRNG_LFS_12(1.0),12/12/24 23:00:00,Annual,Percentage,Total,Total,From 18 to 74 years,Türkiye,2016,10.7,
ESTAT:TRNG_LFS_12(1.0),12/12/24 23:00:00,Annual,Percentage,Total,Total,From 18 to 74 years,Türkiye,2017,10.5,
ESTAT:TRNG_LFS_12(1.0),12/12/24 23:00:00,Annual,Percentage,Total,Total,From 18 to 74 years,Türkiye,2018,10.6,
ESTAT:TRNG_LFS_12(1.0),12/12/24 23:00:00,Annual,Percentage,Total,Total,From 18 to 74 years,Türkiye,2019,9.9,
ESTAT:TRNG_LFS_12(1.0),12/12/24 23:00:00,Annual,Percentage,Total,Total,From 18 to 74 years,Türkiye,2020,9.8,
ESTAT:TRNG_LFS_12(1.0),12/12/24 23:00:00,Annual,Percentage,Total,Total,From 18 to 74 years,Türkiye,2021,10.6,b
ESTAT:TRNG_LFS_12(1.0),12/12/24 23:00:00,Annual,Percentage,Total,Total,From 18 to 74 years,Türkiye,2022,10.3,
ESTAT:TRNG_LFS_12(1.0),12/12/24 23:00:00,Annual,Percentage,Total,Total,From 18 to 74 years,Türkiye,2023,10.8,
ESTAT:TRNG_LFS_12(1.0),12/12/24 23:00:00,Annual,Percentage,Total,Total,From 18 to 74 years,United Kingdom,2004,,u
ESTAT:TRNG_LFS_12(1.0),12/12/24 23:00:00,Annual,Percentage,Total,Total,From 18 to 74 years,United Kingdom,2005,,u
ESTAT:TRNG_LFS_12(1.0),12/12/24 23:00:00,Annual,Percentage,Total,Total,From 18 to 74 years,United Kingdom,2006,,bu
ESTAT:TRNG_LFS_12(1.0),12/12/24 23:00:00,Annual,Percentage,Total,Total,From 18 to 74 years,United Kingdom,2007,22.0,b
ESTAT:TRNG_LFS_12(1.0),12/12/24 23:00:00,Annual,Percentage,Total,Total,From 18 to 74 years,United Kingdom,2008,22.0,b
ESTAT:TRNG_LFS_12(1.0),12/12/24 23:00:00,Annual,Percentage,Total,Total,From 18 to 74 years,United Kingdom,2009,22.3,
ESTAT:TRNG_LFS_12(1.0),12/12/24 23:00:00,Annual,Percentage,Total,Total,From 18 to 74 years,United Kingdom,2010,21.8,
ESTAT:TRNG_LFS_12(1.0),12/12/24 23:00:00,Annual,Percentage,Total,Total,From 18 to 74 years,United Kingdom,2011,18.7,
ESTAT:TRNG_LFS_12(1.0),12/12/24 23:00:00,Annual,Percentage,Total,Total,From 18 to 74 years,United Kingdom,2012,18.7,
ESTAT:TRNG_LFS_12(1.0),12/12/24 23:00:00,Annual,Percentage,Total,Total,From 18 to 74 years,United Kingdom,2013,18.9,
ESTAT:TRNG_LFS_12(1.0),12/12/24 23:00:00,Annual,Percentage,Total,Total,From 18 to 74 years,United Kingdom,2014,18.8,
ESTAT:TRNG_LFS_12(1.0),12/12/24 23:00:00,Annual,Percentage,Total,Total,From 18 to 74 years,United Kingdom,2015,18.2,
ESTAT:TRNG_LFS_12(1.0),12/12/24 23:00:00,Annual,Percentage,Total,Total,From 18 to 74 years,United Kingdom,2016,16.9,
ESTAT:TRNG_LFS_12(1.0),12/12/24 23:00:00,Annual,Percentage,Total,Total,From 18 to 74 years,United Kingdom,2017,16.8,
ESTAT:TRNG_LFS_12(1.0),12/12/24 23:00:00,Annual,Percentage,Total,Total,From 18 to 74 years,United Kingdom,2018,16.9,
ESTAT:TRNG_LFS_12(1.0),12/12/24 23:00:00,Annual,Percentage,Total,Total,From 18 to 74 years,United Kingdom,2019,17.0,
