DATAFLOW,LAST UPDATE,freq,indic_bt,nace_r2,s_adj,unit,geo,TIME_PERIOD,OBS_VALUE,OBS_FLAG
ESTAT:STS_RB_A(1.0),16/01/25 11:00:00,Annual,Registrations,"Industry, construction and market services (except public administration and defence; compulsory social security; activities of membership organisations)",Unadjusted data (i.e. neither seasonally adjusted nor calendar adjusted data),"Index, 2015=100",Belgium,2015,100.0,
ESTAT:STS_RB_A(1.0),16/01/25 11:00:00,Annual,Registrations,"Industry, construction and market services (except public administration and defence; compulsory social security; activities of membership organisations)",Unadjusted data (i.e. neither seasonally adjusted nor calendar adjusted data),"Index, 2015=100",Belgium,2016,105.0,
ESTAT:STS_RB_A(1.0),16/01/25 11:00:00,Annual,Registrations,"Industry, construction and market services (except public administration and defence; compulsory social security; activities of membership organisations)",Unadjusted data (i.e. neither seasonally adjusted nor calendar adjusted data),"Index, 2015=100",Belgium,2017,97.7,
ESTAT:STS_RB_A(1.0),16/01/25 11:00:00,Annual,Registrations,"Industry, construction and market services (except public administration and defence; compulsory social security; activities of membership organisations)",Unadjusted data (i.e. neither seasonally adjusted nor calendar adjusted data),"Index, 2015=100",Belgium,2018,112.3,
ESTAT:STS_RB_A(1.0),16/01/25 11:00:00,Annual,Registrations,"Industry, construction and market services (except public administration and defence; compulsory social security; activities of membership organisations)",Unadjusted data (i.e. neither seasonally adjusted nor calendar adjusted data),"Index, 2015=100",Belgium,2019,126.3,
ESTAT:STS_RB_A(1.0),16/01/25 11:00:00,Annual,Registrations,"Industry, construction and market services (except public administration and defence; compulsory social security; activities of membership organisations)",Unadjusted data (i.e. neither seasonally adjusted nor calendar adjusted data),"Index, 2015=100",Belgium,2020,123.4,
ESTAT:STS_RB_A(1.0),16/01/25 11:00:00,Annual,Registrations,"Industry, construction and market services (except public administration and defence; compulsory social security; activities of membership organisations)",Unadjusted data (i.e. neither seasonally adjusted nor calendar adjusted data),"Index, 2015=100",Belgium,2021,138.5,
ESTAT:STS_RB_A(1.0),16/01/25 11:00:00,Annual,Registrations,"Industry, construction and market services (except public administration and defence; compulsory social security; activities of membership organisations)",Unadjusted data (i.e. neither seasonally adjusted nor calendar adjusted data),"Index, 2015=100",Belgium,2022,123.1,
ESTAT:STS_RB_A(1.0),16/01/25 11:00:00,Annual,Registrations,"Industry, construction and market services (except public administration and defence; compulsory social security; activities of membership organisations)",Unadjusted data (i.e. neither seasonally adjusted nor calendar adjusted data),"Index, 2015=100",Belgium,2023,116.3,
ESTAT:STS_RB_A(1.0),16/01/25 11:00:00,Annual,Registrations,"Industry, construction and market services (except public administration and defence; compulsory social security; activities of membership organisations)",Unadjusted data (i.e. neither seasonally adjusted nor calendar adjusted data),"Index, 2015=100",Bulgaria,2015,100.0,
ESTAT:STS_RB_A(1.0),16/01/25 11:00:00,Annual,Registrations,"Industry, construction and market services (except public administration and defence; compulsory social security; activities of membership organisations)",Unadjusted data (i.e. neither seasonally adjusted nor calendar adjusted data),"Index, 2015=100",Bulgaria,2016,109.6,
ESTAT:STS_RB_A(1.0),16/01/25 11:00:00,Annual,Registrations,"Industry, construction and market services (except public administration and defence; compulsory social security; activities of membership organisations)",Unadjusted data (i.e. neither seasonally adjusted nor calendar adjusted data),"Index, 2015=100",Bulgaria,2017,103.7,
ESTAT:STS_RB_A(1.0),16/01/25 11:00:00,Annual,Registrations,"Industry, construction and market services (except public administration and defence; compulsory social security; activities of membership organisations)",Unadjusted data (i.e. neither seasonally adjusted nor calendar adjusted data),"Index, 2015=100",Bulgaria,2018,100.3,
ESTAT:STS_RB_A(1.0),16/01/25 11:00:00,Annual,Registrations,"Industry, construction and market services (except public administration and defence; compulsory social security; activities of membership organisations)",Unadjusted data (i.e. neither seasonally adjusted nor calendar adjusted data),"Index, 2015=100",Bulgaria,2019,93.6,
ESTAT:STS_RB_A(1.0),16/01/25 11:00:00,Annual,Registrations,"Industry, construction and market services (except public administration and defence; compulsory social security; activities of membership organisations)",Unadjusted data (i.e. neither seasonally adjusted nor calendar adjusted data),"Index, 2015=100",Bulgaria,2020,70.6,
ESTAT:STS_RB_A(1.0),16/01/25 11:00:00,Annual,Registrations,"Industry, construction and market services (except public administration and defence; compulsory social security; activities of membership organisations)",Unadjusted data (i.e. neither seasonally adjusted nor calendar adjusted data),"Index, 2015=100",Bulgaria,2021,79.7,
ESTAT:STS_RB_A(1.0),16/01/25 11:00:00,Annual,Registrations,"Industry, construction and market services (except public administration and defence; compulsory social security; activities of membership organisations)",Unadjusted data (i.e. neither seasonally adjusted nor calendar adjusted data),"Index, 2015=100",Bulgaria,2022,80.3,
ESTAT:STS_RB_A(1.0),16/01/25 11:00:00,Annual,Registrations,"Industry, construction and market services (except public administration and defence; compulsory social security; activities of membership organisations)",Unadjusted data (i.e. neither seasonally adjusted nor calendar adjusted data),"Index, 2015=100",Bulgaria,2023,81.7,
ESTAT:STS_RB_A(1.0),16/01/25 11:00:00,Annual,Registrations,"Industry, construction and market services (except public administration and defence; compulsory social security; activities of membership organisations)",Unadjusted data (i.e. neither seasonally adjusted nor calendar adjusted data),"Index, 2015=100",Germany,2015,100.0,
ESTAT:STS_RB_A(1.0),16/01/25 11:00:00,Annual,Registrations,"Industry, construction and market services (except public administration and defence; compulsory social security; activities of membership organisations)",Unadjusted data (i.e. neither seasonally adjusted nor calendar adjusted data),"Index, 2015=100",Germany,2016,94.2,
ESTAT:STS_RB_A(1.0),16/01/25 11:00:00,Annual,Registrations,"Industry, construction and market services (except public administration and defence; compulsory social security; activities of membership organisations)",Unadjusted data (i.e. neither seasonally adjusted nor calendar adjusted data),"Index, 2015=100",Germany,2017,93.1,
ESTAT:STS_RB_A(1.0),16/01/25 11:00:00,Annual,Registrations,"Industry, construction and market services (except public administration and defence; compulsory social security; activities of membership organisations)",Unadjusted data (i.e. neither seasonally adjusted nor calendar adjusted data),"Index, 2015=100",Germany,2018,90.0,
ESTAT:STS_RB_A(1.0),16/01/25 11:00:00,Annual,Registrations,"Industry, construction and market services (except public administration and defence; compulsory social security; activities of membership organisations)",Unadjusted data (i.e. neither seasonally adjusted nor calendar adjusted data),"Index, 2015=100",Germany,2019,88.5,
ESTAT:STS_RB_A(1.0),16/01/25 11:00:00,Annual,Registrations,"Industry, construction and market services (except public administration and defence; compulsory social security; activities of membership organisations)",Unadjusted data (i.e. neither seasonally adjusted nor calendar adjusted data),"Index, 2015=100",Germany,2020,77.5,
ESTAT:STS_RB_A(1.0),16/01/25 11:00:00,Annual,Registrations,"Industry, construction and market services (except public administration and defence; compulsory social security; activities of membership organisations)",Unadjusted data (i.e. neither seasonally adjusted nor calendar adjusted data),"Index, 2015=100",Germany,2021,79.0,
ESTAT:STS_RB_A(1.0),16/01/25 11:00:00,Annual,Registrations,"Industry, construction and market services (except public administration and defence; compulsory social security; activities of membership organisations)",Unadjusted data (i.e. neither seasonally adjusted nor calendar adjusted data),"Index, 2015=100",Germany,2022,78.1,
ESTAT:STS_RB_A(1.0),16/01/25 11:00:00,Annual,Registrations,"Industry, construction and market services (except public administration and defence; compulsory social security; activities of membership organisations)",Unadjusted data (i.e. neither seasonally adjusted nor calendar adjusted data),"Index, 2015=100",Germany,2023,96.2,
ESTAT:STS_RB_A(1.0),16/01/25 11:00:00,Annual,Registrations,"Industry, construction and market services (except public administration and defence; compulsory social security; activities of membership organisations)",Unadjusted data (i.e. neither seasonally adjusted nor calendar adjusted data),"Index, 2015=100",Denmark,2015,100.0,
ESTAT:STS_RB_A(1.0),16/01/25 11:00:00,Annual,Registrations,"Industry, construction and market services (except public administration and defence; compulsory social security; activities of membership organisations)",Unadjusted data (i.e. neither seasonally adjusted nor calendar adjusted data),"Index, 2015=100",Denmark,2016,113.3,
ESTAT:STS_RB_A(1.0),16/01/25 11:00:00,Annual,Registrations,"Industry, construction and market services (except public administration and defence; compulsory social security; activities of membership organisations)",Unadjusted data (i.e. neither seasonally adjusted nor calendar adjusted data),"Index, 2015=100",Denmark,2017,125.9,
ESTAT:STS_RB_A(1.0),16/01/25 11:00:00,Annual,Registrations,"Industry, construction and market services (except public administration and defence; compulsory social security; activities of membership organisations)",Unadjusted data (i.e. neither seasonally adjusted nor calendar adjusted data),"Index, 2015=100",Denmark,2018,142.8,
ESTAT:STS_RB_A(1.0),16/01/25 11:00:00,Annual,Registrations,"Industry, construction and market services (except public administration and defence; compulsory social security; activities of membership organisations)",Unadjusted data (i.e. neither seasonally adjusted nor calendar adjusted data),"Index, 2015=100",Denmark,2019,141.7,
ESTAT:STS_RB_A(1.0),16/01/25 11:00:00,Annual,Registrations,"Industry, construction and market services (except public administration and defence; compulsory social security; activities of membership organisations)",Unadjusted data (i.e. neither seasonally adjusted nor calendar adjusted data),"Index, 2015=100",Denmark,2020,123.3,
ESTAT:STS_RB_A(1.0),16/01/25 11:00:00,Annual,Registrations,"Industry, construction and market services (except public administration and defence; compulsory social security; activities of membership organisations)",Unadjusted data (i.e. neither seasonally adjusted nor calendar adjusted data),"Index, 2015=100",Denmark,2021,119.4,
ESTAT:STS_RB_A(1.0),16/01/25 11:00:00,Annual,Registrations,"Industry, construction and market services (except public administration and defence; compulsory social security; activities of membership organisations)",Unadjusted data (i.e. neither seasonally adjusted nor calendar adjusted data),"Index, 2015=100",Denmark,2022,100.9,
ESTAT:STS_RB_A(1.0),16/01/25 11:00:00,Annual,Registrations,"Industry, construction and market services (except public administration and defence; compulsory social security; activities of membership organisations)",Unadjusted data (i.e. neither seasonally adjusted nor calendar adjusted data),"Index, 2015=100",Denmark,2023,99.3,
ESTAT:STS_RB_A(1.0),16/01/25 11:00:00,Annual,Registrations,"Industry, construction and market services (except public administration and defence; compulsory social security; activities of membership organisations)",Unadjusted data (i.e. neither seasonally adjusted nor calendar adjusted data),"Index, 2015=100",Euro area - 19 countries  (2015-2022),2015,100.0,
ESTAT:STS_RB_A(1.0),16/01/25 11:00:00,Annual,Registrations,"Industry, construction and market services (except public administration and defence; compulsory social security; activities of membership organisations)",Unadjusted data (i.e. neither seasonally adjusted nor calendar adjusted data),"Index, 2015=100",Euro area - 19 countries  (2015-2022),2016,101.5,
ESTAT:STS_RB_A(1.0),16/01/25 11:00:00,Annual,Registrations,"Industry, construction and market services (except public administration and defence; compulsory social security; activities of membership organisations)",Unadjusted data (i.e. neither seasonally adjusted nor calendar adjusted data),"Index, 2015=100",Euro area - 19 countries  (2015-2022),2017,102.8,
ESTAT:STS_RB_A(1.0),16/01/25 11:00:00,Annual,Registrations,"Industry, construction and market services (except public administration and defence; compulsory social security; activities of membership organisations)",Unadjusted data (i.e. neither seasonally adjusted nor calendar adjusted data),"Index, 2015=100",Euro area - 19 countries  (2015-2022),2018,107.7,
ESTAT:STS_RB_A(1.0),16/01/25 11:00:00,Annual,Registrations,"Industry, construction and market services (except public administration and defence; compulsory social security; activities of membership organisations)",Unadjusted data (i.e. neither seasonally adjusted nor calendar adjusted data),"Index, 2015=100",Euro area - 19 countries  (2015-2022),2019,114.9,
ESTAT:STS_RB_A(1.0),16/01/25 11:00:00,Annual,Registrations,"Industry, construction and market services (except public administration and defence; compulsory social security; activities of membership organisations)",Unadjusted data (i.e. neither seasonally adjusted nor calendar adjusted data),"Index, 2015=100",Euro area - 19 countries  (2015-2022),2020,105.3,
ESTAT:STS_RB_A(1.0),16/01/25 11:00:00,Annual,Registrations,"Industry, construction and market services (except public administration and defence; compulsory social security; activities of membership organisations)",Unadjusted data (i.e. neither seasonally adjusted nor calendar adjusted data),"Index, 2015=100",Euro area - 19 countries  (2015-2022),2021,120.9,
ESTAT:STS_RB_A(1.0),16/01/25 11:00:00,Annual,Registrations,"Industry, construction and market services (except public administration and defence; compulsory social security; activities of membership organisations)",Unadjusted data (i.e. neither seasonally adjusted nor calendar adjusted data),"Index, 2015=100",Euro area - 19 countries  (2015-2022),2022,119.7,
ESTAT:STS_RB_A(1.0),16/01/25 11:00:00,Annual,Registrations,"Industry, construction and market services (except public administration and defence; compulsory social security; activities of membership organisations)",Unadjusted data (i.e. neither seasonally adjusted nor calendar adjusted data),"Index, 2015=100",Euro area - 19 countries  (2015-2022),2023,124.7,
ESTAT:STS_RB_A(1.0),16/01/25 11:00:00,Annual,Registrations,"Industry, construction and market services (except public administration and defence; compulsory social security; activities of membership organisations)",Unadjusted data (i.e. neither seasonally adjusted nor calendar adjusted data),"Index, 2015=100",Euro area – 20 countries (from 2023),2015,100.0,
ESTAT:STS_RB_A(1.0),16/01/25 11:00:00,Annual,Registrations,"Industry, construction and market services (except public administration and defence; compulsory social security; activities of membership organisations)",Unadjusted data (i.e. neither seasonally adjusted nor calendar adjusted data),"Index, 2015=100",Euro area – 20 countries (from 2023),2016,101.5,
ESTAT:STS_RB_A(1.0),16/01/25 11:00:00,Annual,Registrations,"Industry, construction and market services (except public administration and defence; compulsory social security; activities of membership organisations)",Unadjusted data (i.e. neither seasonally adjusted nor calendar adjusted data),"Index, 2015=100",Euro area – 20 countries (from 2023),2017,103.0,
ESTAT:STS_RB_A(1.0),16/01/25 11:00:00,Annual,Registrations,"Industry, construction and market services (except public administration and defence; compulsory social security; activities of membership organisations)",Unadjusted data (i.e. neither seasonally adjusted nor calendar adjusted data),"Index, 2015=100",Euro area – 20 countries (from 2023),2018,108.0,
ESTAT:STS_RB_A(1.0),16/01/25 11:00:00,Annual,Registrations,"Industry, construction and market services (except public administration and defence; compulsory social security; activities of membership organisations)",Unadjusted data (i.e. neither seasonally adjusted nor calendar adjusted data),"Index, 2015=100",Euro area – 20 countries (from 2023),2019,115.2,
ESTAT:STS_RB_A(1.0),16/01/25 11:00:00,Annual,Registrations,"Industry, construction and market services (except public administration and defence; compulsory social security; activities of membership organisations)",Unadjusted data (i.e. neither seasonally adjusted nor calendar adjusted data),"Index, 2015=100",Euro area – 20 countries (from 2023),2020,105.4,
ESTAT:STS_RB_A(1.0),16/01/25 11:00:00,Annual,Registrations,"Industry, construction and market services (except public administration and defence; compulsory social security; activities of membership organisations)",Unadjusted data (i.e. neither seasonally adjusted nor calendar adjusted data),"Index, 2015=100",Euro area – 20 countries (from 2023),2021,121.0,
ESTAT:STS_RB_A(1.0),16/01/25 11:00:00,Annual,Registrations,"Industry, construction and market services (except public administration and defence; compulsory social security; activities of membership organisations)",Unadjusted data (i.e. neither seasonally adjusted nor calendar adjusted data),"Index, 2015=100",Euro area – 20 countries (from 2023),2022,120.0,
ESTAT:STS_RB_A(1.0),16/01/25 11:00:00,Annual,Registrations,"Industry, construction and market services (except public administration and defence; compulsory social security; activities of membership organisations)",Unadjusted data (i.e. neither seasonally adjusted nor calendar adjusted data),"Index, 2015=100",Euro area – 20 countries (from 2023),2023,125.1,
ESTAT:STS_RB_A(1.0),16/01/25 11:00:00,Annual,Registrations,"Industry, construction and market services (except public administration and defence; compulsory social security; activities of membership organisations)",Unadjusted data (i.e. neither seasonally adjusted nor calendar adjusted data),"Index, 2015=100",Estonia,2015,100.0,
ESTAT:STS_RB_A(1.0),16/01/25 11:00:00,Annual,Registrations,"Industry, construction and market services (except public administration and defence; compulsory social security; activities of membership organisations)",Unadjusted data (i.e. neither seasonally adjusted nor calendar adjusted data),"Index, 2015=100",Estonia,2016,107.1,
ESTAT:STS_RB_A(1.0),16/01/25 11:00:00,Annual,Registrations,"Industry, construction and market services (except public administration and defence; compulsory social security; activities of membership organisations)",Unadjusted data (i.e. neither seasonally adjusted nor calendar adjusted data),"Index, 2015=100",Estonia,2017,116.2,
ESTAT:STS_RB_A(1.0),16/01/25 11:00:00,Annual,Registrations,"Industry, construction and market services (except public administration and defence; compulsory social security; activities of membership organisations)",Unadjusted data (i.e. neither seasonally adjusted nor calendar adjusted data),"Index, 2015=100",Estonia,2018,123.2,
ESTAT:STS_RB_A(1.0),16/01/25 11:00:00,Annual,Registrations,"Industry, construction and market services (except public administration and defence; compulsory social security; activities of membership organisations)",Unadjusted data (i.e. neither seasonally adjusted nor calendar adjusted data),"Index, 2015=100",Estonia,2019,128.6,
ESTAT:STS_RB_A(1.0),16/01/25 11:00:00,Annual,Registrations,"Industry, construction and market services (except public administration and defence; compulsory social security; activities of membership organisations)",Unadjusted data (i.e. neither seasonally adjusted nor calendar adjusted data),"Index, 2015=100",Estonia,2020,130.9,
ESTAT:STS_RB_A(1.0),16/01/25 11:00:00,Annual,Registrations,"Industry, construction and market services (except public administration and defence; compulsory social security; activities of membership organisations)",Unadjusted data (i.e. neither seasonally adjusted nor calendar adjusted data),"Index, 2015=100",Estonia,2021,148.7,
ESTAT:STS_RB_A(1.0),16/01/25 11:00:00,Annual,Registrations,"Industry, construction and market services (except public administration and defence; compulsory social security; activities of membership organisations)",Unadjusted data (i.e. neither seasonally adjusted nor calendar adjusted data),"Index, 2015=100",Estonia,2022,123.0,
ESTAT:STS_RB_A(1.0),16/01/25 11:00:00,Annual,Registrations,"Industry, construction and market services (except public administration and defence; compulsory social security; activities of membership organisations)",Unadjusted data (i.e. neither seasonally adjusted nor calendar adjusted data),"Index, 2015=100",Estonia,2023,130.4,
ESTAT:STS_RB_A(1.0),16/01/25 11:00:00,Annual,Registrations,"Industry, construction and market services (except public administration and defence; compulsory social security; activities of membership organisations)",Unadjusted data (i.e. neither seasonally adjusted nor calendar adjusted data),"Index, 2015=100",Spain,2015,100.0,
ESTAT:STS_RB_A(1.0),16/01/25 11:00:00,Annual,Registrations,"Industry, construction and market services (except public administration and defence; compulsory social security; activities of membership organisations)",Unadjusted data (i.e. neither seasonally adjusted nor calendar adjusted data),"Index, 2015=100",Spain,2016,107.6,
ESTAT:STS_RB_A(1.0),16/01/25 11:00:00,Annual,Registrations,"Industry, construction and market services (except public administration and defence; compulsory social security; activities of membership organisations)",Unadjusted data (i.e. neither seasonally adjusted nor calendar adjusted data),"Index, 2015=100",Spain,2017,100.5,
ESTAT:STS_RB_A(1.0),16/01/25 11:00:00,Annual,Registrations,"Industry, construction and market services (except public administration and defence; compulsory social security; activities of membership organisations)",Unadjusted data (i.e. neither seasonally adjusted nor calendar adjusted data),"Index, 2015=100",Spain,2018,100.9,
ESTAT:STS_RB_A(1.0),16/01/25 11:00:00,Annual,Registrations,"Industry, construction and market services (except public administration and defence; compulsory social security; activities of membership organisations)",Unadjusted data (i.e. neither seasonally adjusted nor calendar adjusted data),"Index, 2015=100",Spain,2019,99.7,
ESTAT:STS_RB_A(1.0),16/01/25 11:00:00,Annual,Registrations,"Industry, construction and market services (except public administration and defence; compulsory social security; activities of membership organisations)",Unadjusted data (i.e. neither seasonally adjusted nor calendar adjusted data),"Index, 2015=100",Spain,2020,83.8,
ESTAT:STS_RB_A(1.0),16/01/25 11:00:00,Annual,Registrations,"Industry, construction and market services (except public administration and defence; compulsory social security; activities of membership organisations)",Unadjusted data (i.e. neither seasonally adjusted nor calendar adjusted data),"Index, 2015=100",Spain,2021,107.6,
ESTAT:STS_RB_A(1.0),16/01/25 11:00:00,Annual,Registrations,"Industry, construction and market services (except public administration and defence; compulsory social security; activities of membership organisations)",Unadjusted data (i.e. neither seasonally adjusted nor calendar adjusted data),"Index, 2015=100",Spain,2022,106.2,
ESTAT:STS_RB_A(1.0),16/01/25 11:00:00,Annual,Registrations,"Industry, construction and market services (except public administration and defence; compulsory social security; activities of membership organisations)",Unadjusted data (i.e. neither seasonally adjusted nor calendar adjusted data),"Index, 2015=100",Spain,2023,115.6,
ESTAT:STS_RB_A(1.0),16/01/25 11:00:00,Annual,Registrations,"Industry, construction and market services (except public administration and defence; compulsory social security; activities of membership organisations)",Unadjusted data (i.e. neither seasonally adjusted nor calendar adjusted data),"Index, 2015=100",European Union - 27 countries (from 2020),2015,100.0,
ESTAT:STS_RB_A(1.0),16/01/25 11:00:00,Annual,Registrations,"Industry, construction and market services (except public administration and defence; compulsory social security; activities of membership organisations)",Unadjusted data (i.e. neither seasonally adjusted nor calendar adjusted data),"Index, 2015=100",European Union - 27 countries (from 2020),2016,101.6,
ESTAT:STS_RB_A(1.0),16/01/25 11:00:00,Annual,Registrations,"Industry, construction and market services (except public administration and defence; compulsory social security; activities of membership organisations)",Unadjusted data (i.e. neither seasonally adjusted nor calendar adjusted data),"Index, 2015=100",European Union - 27 countries (from 2020),2017,105.0,
ESTAT:STS_RB_A(1.0),16/01/25 11:00:00,Annual,Registrations,"Industry, construction and market services (except public administration and defence; compulsory social security; activities of membership organisations)",Unadjusted data (i.e. neither seasonally adjusted nor calendar adjusted data),"Index, 2015=100",European Union - 27 countries (from 2020),2018,109.9,
ESTAT:STS_RB_A(1.0),16/01/25 11:00:00,Annual,Registrations,"Industry, construction and market services (except public administration and defence; compulsory social security; activities of membership organisations)",Unadjusted data (i.e. neither seasonally adjusted nor calendar adjusted data),"Index, 2015=100",European Union - 27 countries (from 2020),2019,116.5,
ESTAT:STS_RB_A(1.0),16/01/25 11:00:00,Annual,Registrations,"Industry, construction and market services (except public administration and defence; compulsory social security; activities of membership organisations)",Unadjusted data (i.e. neither seasonally adjusted nor calendar adjusted data),"Index, 2015=100",European Union - 27 countries (from 2020),2020,105.5,
ESTAT:STS_RB_A(1.0),16/01/25 11:00:00,Annual,Registrations,"Industry, construction and market services (except public administration and defence; compulsory social security; activities of membership organisations)",Unadjusted data (i.e. neither seasonally adjusted nor calendar adjusted data),"Index, 2015=100",European Union - 27 countries (from 2020),2021,121.2,
ESTAT:STS_RB_A(1.0),16/01/25 11:00:00,Annual,Registrations,"Industry, construction and market services (except public administration and defence; compulsory social security; activities of membership organisations)",Unadjusted data (i.e. neither seasonally adjusted nor calendar adjusted data),"Index, 2015=100",European Union - 27 countries (from 2020),2022,121.2,
ESTAT:STS_RB_A(1.0),16/01/25 11:00:00,Annual,Registrations,"Industry, construction and market services (except public administration and defence; compulsory social security; activities of membership organisations)",Unadjusted data (i.e. neither seasonally adjusted nor calendar adjusted data),"Index, 2015=100",European Union - 27 countries (from 2020),2023,124.3,
ESTAT:STS_RB_A(1.0),16/01/25 11:00:00,Annual,Registrations,"Industry, construction and market services (except public administration and defence; compulsory social security; activities of membership organisations)",Unadjusted data (i.e. neither seasonally adjusted nor calendar adjusted data),"Index, 2015=100",France,2015,100.0,
ESTAT:STS_RB_A(1.0),16/01/25 11:00:00,Annual,Registrations,"Industry, construction and market services (except public administration and defence; compulsory social security; activities of membership organisations)",Unadjusted data (i.e. neither seasonally adjusted nor calendar adjusted data),"Index, 2015=100",France,2016,106.9,
ESTAT:STS_RB_A(1.0),16/01/25 11:00:00,Annual,Registrations,"Industry, construction and market services (except public administration and defence; compulsory social security; activities of membership organisations)",Unadjusted data (i.e. neither seasonally adjusted nor calendar adjusted data),"Index, 2015=100",France,2017,116.4,
ESTAT:STS_RB_A(1.0),16/01/25 11:00:00,Annual,Registrations,"Industry, construction and market services (except public administration and defence; compulsory social security; activities of membership organisations)",Unadjusted data (i.e. neither seasonally adjusted nor calendar adjusted data),"Index, 2015=100",France,2018,132.7,
ESTAT:STS_RB_A(1.0),16/01/25 11:00:00,Annual,Registrations,"Industry, construction and market services (except public administration and defence; compulsory social security; activities of membership organisations)",Unadjusted data (i.e. neither seasonally adjusted nor calendar adjusted data),"Index, 2015=100",France,2019,153.1,
ESTAT:STS_RB_A(1.0),16/01/25 11:00:00,Annual,Registrations,"Industry, construction and market services (except public administration and defence; compulsory social security; activities of membership organisations)",Unadjusted data (i.e. neither seasonally adjusted nor calendar adjusted data),"Index, 2015=100",France,2020,159.4,
ESTAT:STS_RB_A(1.0),16/01/25 11:00:00,Annual,Registrations,"Industry, construction and market services (except public administration and defence; compulsory social security; activities of membership organisations)",Unadjusted data (i.e. neither seasonally adjusted nor calendar adjusted data),"Index, 2015=100",France,2021,186.0,
ESTAT:STS_RB_A(1.0),16/01/25 11:00:00,Annual,Registrations,"Industry, construction and market services (except public administration and defence; compulsory social security; activities of membership organisations)",Unadjusted data (i.e. neither seasonally adjusted nor calendar adjusted data),"Index, 2015=100",France,2022,188.1,
ESTAT:STS_RB_A(1.0),16/01/25 11:00:00,Annual,Registrations,"Industry, construction and market services (except public administration and defence; compulsory social security; activities of membership organisations)",Unadjusted data (i.e. neither seasonally adjusted nor calendar adjusted data),"Index, 2015=100",France,2023,186.2,u
ESTAT:STS_RB_A(1.0),16/01/25 11:00:00,Annual,Registrations,"Industry, construction and market services (except public administration and defence; compulsory social security; activities of membership organisations)",Unadjusted data (i.e. neither seasonally adjusted nor calendar adjusted data),"Index, 2015=100",Croatia,2015,100.0,
ESTAT:STS_RB_A(1.0),16/01/25 11:00:00,Annual,Registrations,"Industry, construction and market services (except public administration and defence; compulsory social security; activities of membership organisations)",Unadjusted data (i.e. neither seasonally adjusted nor calendar adjusted data),"Index, 2015=100",Croatia,2016,106.3,
ESTAT:STS_RB_A(1.0),16/01/25 11:00:00,Annual,Registrations,"Industry, construction and market services (except public administration and defence; compulsory social security; activities of membership organisations)",Unadjusted data (i.e. neither seasonally adjusted nor calendar adjusted data),"Index, 2015=100",Croatia,2017,125.2,
ESTAT:STS_RB_A(1.0),16/01/25 11:00:00,Annual,Registrations,"Industry, construction and market services (except public administration and defence; compulsory social security; activities of membership organisations)",Unadjusted data (i.e. neither seasonally adjusted nor calendar adjusted data),"Index, 2015=100",Croatia,2018,141.3,
ESTAT:STS_RB_A(1.0),16/01/25 11:00:00,Annual,Registrations,"Industry, construction and market services (except public administration and defence; compulsory social security; activities of membership organisations)",Unadjusted data (i.e. neither seasonally adjusted nor calendar adjusted data),"Index, 2015=100",Croatia,2019,154.3,
ESTAT:STS_RB_A(1.0),16/01/25 11:00:00,Annual,Registrations,"Industry, construction and market services (except public administration and defence; compulsory social security; activities of membership organisations)",Unadjusted data (i.e. neither seasonally adjusted nor calendar adjusted data),"Index, 2015=100",Croatia,2020,112.9,
ESTAT:STS_RB_A(1.0),16/01/25 11:00:00,Annual,Registrations,"Industry, construction and market services (except public administration and defence; compulsory social security; activities of membership organisations)",Unadjusted data (i.e. neither seasonally adjusted nor calendar adjusted data),"Index, 2015=100",Croatia,2021,138.9,
ESTAT:STS_RB_A(1.0),16/01/25 11:00:00,Annual,Registrations,"Industry, construction and market services (except public administration and defence; compulsory social security; activities of membership organisations)",Unadjusted data (i.e. neither seasonally adjusted nor calendar adjusted data),"Index, 2015=100",Croatia,2022,152.5,
ESTAT:STS_RB_A(1.0),16/01/25 11:00:00,Annual,Registrations,"Industry, construction and market services (except public administration and defence; compulsory social security; activities of membership organisations)",Unadjusted data (i.e. neither seasonally adjusted nor calendar adjusted data),"Index, 2015=100",Croatia,2023,169.5,
ESTAT:STS_RB_A(1.0),16/01/25 11:00:00,Annual,Registrations,"Industry, construction and market services (except public administration and defence; compulsory social security; activities of membership organisations)",Unadjusted data (i.e. neither seasonally adjusted nor calendar adjusted data),"Index, 2015=100",Hungary,2015,,c
ESTAT:STS_RB_A(1.0),16/01/25 11:00:00,Annual,Registrations,"Industry, construction and market services (except public administration and defence; compulsory social security; activities of membership organisations)",Unadjusted data (i.e. neither seasonally adjusted nor calendar adjusted data),"Index, 2015=100",Hungary,2016,,c
ESTAT:STS_RB_A(1.0),16/01/25 11:00:00,Annual,Registrations,"Industry, construction and market services (except public administration and defence; compulsory social security; activities of membership organisations)",Unadjusted data (i.e. neither seasonally adjusted nor calendar adjusted data),"Index, 2015=100",Hungary,2017,,c
ESTAT:STS_RB_A(1.0),16/01/25 11:00:00,Annual,Registrations,"Industry, construction and market services (except public administration and defence; compulsory social security; activities of membership organisations)",Unadjusted data (i.e. neither seasonally adjusted nor calendar adjusted data),"Index, 2015=100",Hungary,2018,,c
ESTAT:STS_RB_A(1.0),16/01/25 11:00:00,Annual,Registrations,"Industry, construction and market services (except public administration and defence; compulsory social security; activities of membership organisations)",Unadjusted data (i.e. neither seasonally adjusted nor calendar adjusted data),"Index, 2015=100",Hungary,2019,,c
ESTAT:STS_RB_A(1.0),16/01/25 11:00:00,Annual,Registrations,"Industry, construction and market services (except public administration and defence; compulsory social security; activities of membership organisations)",Unadjusted data (i.e. neither seasonally adjusted nor calendar adjusted data),"Index, 2015=100",Hungary,2020,,c
ESTAT:STS_RB_A(1.0),16/01/25 11:00:00,Annual,Registrations,"Industry, construction and market services (except public administration and defence; compulsory social security; activities of membership organisations)",Unadjusted data (i.e. neither seasonally adjusted nor calendar adjusted data),"Index, 2015=100",Hungary,2021,166.8,
ESTAT:STS_RB_A(1.0),16/01/25 11:00:00,Annual,Registrations,"Industry, construction and market services (except public administration and defence; compulsory social security; activities of membership organisations)",Unadjusted data (i.e. neither seasonally adjusted nor calendar adjusted data),"Index, 2015=100",Hungary,2022,165.4,
ESTAT:STS_RB_A(1.0),16/01/25 11:00:00,Annual,Registrations,"Industry, construction and market services (except public administration and defence; compulsory social security; activities of membership organisations)",Unadjusted data (i.e. neither seasonally adjusted nor calendar adjusted data),"Index, 2015=100",Hungary,2023,145.2,
ESTAT:STS_RB_A(1.0),16/01/25 11:00:00,Annual,Registrations,"Industry, construction and market services (except public administration and defence; compulsory social security; activities of membership organisations)",Unadjusted data (i.e. neither seasonally adjusted nor calendar adjusted data),"Index, 2015=100",Ireland,2015,100.0,
ESTAT:STS_RB_A(1.0),16/01/25 11:00:00,Annual,Registrations,"Industry, construction and market services (except public administration and defence; compulsory social security; activities of membership organisations)",Unadjusted data (i.e. neither seasonally adjusted nor calendar adjusted data),"Index, 2015=100",Ireland,2016,107.8,
ESTAT:STS_RB_A(1.0),16/01/25 11:00:00,Annual,Registrations,"Industry, construction and market services (except public administration and defence; compulsory social security; activities of membership organisations)",Unadjusted data (i.e. neither seasonally adjusted nor calendar adjusted data),"Index, 2015=100",Ireland,2017,112.4,
ESTAT:STS_RB_A(1.0),16/01/25 11:00:00,Annual,Registrations,"Industry, construction and market services (except public administration and defence; compulsory social security; activities of membership organisations)",Unadjusted data (i.e. neither seasonally adjusted nor calendar adjusted data),"Index, 2015=100",Ireland,2018,117.0,
ESTAT:STS_RB_A(1.0),16/01/25 11:00:00,Annual,Registrations,"Industry, construction and market services (except public administration and defence; compulsory social security; activities of membership organisations)",Unadjusted data (i.e. neither seasonally adjusted nor calendar adjusted data),"Index, 2015=100",Ireland,2019,118.7,
ESTAT:STS_RB_A(1.0),16/01/25 11:00:00,Annual,Registrations,"Industry, construction and market services (except public administration and defence; compulsory social security; activities of membership organisations)",Unadjusted data (i.e. neither seasonally adjusted nor calendar adjusted data),"Index, 2015=100",Ireland,2020,93.1,
ESTAT:STS_RB_A(1.0),16/01/25 11:00:00,Annual,Registrations,"Industry, construction and market services (except public administration and defence; compulsory social security; activities of membership organisations)",Unadjusted data (i.e. neither seasonally adjusted nor calendar adjusted data),"Index, 2015=100",Ireland,2021,102.3,
ESTAT:STS_RB_A(1.0),16/01/25 11:00:00,Annual,Registrations,"Industry, construction and market services (except public administration and defence; compulsory social security; activities of membership organisations)",Unadjusted data (i.e. neither seasonally adjusted nor calendar adjusted data),"Index, 2015=100",Ireland,2022,93.7,
ESTAT:STS_RB_A(1.0),16/01/25 11:00:00,Annual,Registrations,"Industry, construction and market services (except public administration and defence; compulsory social security; activities of membership organisations)",Unadjusted data (i.e. neither seasonally adjusted nor calendar adjusted data),"Index, 2015=100",Ireland,2023,58.6,e
ESTAT:STS_RB_A(1.0),16/01/25 11:00:00,Annual,Registrations,"Industry, construction and market services (except public administration and defence; compulsory social security; activities of membership organisations)",Unadjusted data (i.e. neither seasonally adjusted nor calendar adjusted data),"Index, 2015=100",Iceland,2015,100.0,e
ESTAT:STS_RB_A(1.0),16/01/25 11:00:00,Annual,Registrations,"Industry, construction and market services (except public administration and defence; compulsory social security; activities of membership organisations)",Unadjusted data (i.e. neither seasonally adjusted nor calendar adjusted data),"Index, 2015=100",Iceland,2016,112.8,
ESTAT:STS_RB_A(1.0),16/01/25 11:00:00,Annual,Registrations,"Industry, construction and market services (except public administration and defence; compulsory social security; activities of membership organisations)",Unadjusted data (i.e. neither seasonally adjusted nor calendar adjusted data),"Index, 2015=100",Iceland,2017,109.3,
ESTAT:STS_RB_A(1.0),16/01/25 11:00:00,Annual,Registrations,"Industry, construction and market services (except public administration and defence; compulsory social security; activities of membership organisations)",Unadjusted data (i.e. neither seasonally adjusted nor calendar adjusted data),"Index, 2015=100",Iceland,2018,96.9,
ESTAT:STS_RB_A(1.0),16/01/25 11:00:00,Annual,Registrations,"Industry, construction and market services (except public administration and defence; compulsory social security; activities of membership organisations)",Unadjusted data (i.e. neither seasonally adjusted nor calendar adjusted data),"Index, 2015=100",Iceland,2019,93.9,
ESTAT:STS_RB_A(1.0),16/01/25 11:00:00,Annual,Registrations,"Industry, construction and market services (except public administration and defence; compulsory social security; activities of membership organisations)",Unadjusted data (i.e. neither seasonally adjusted nor calendar adjusted data),"Index, 2015=100",Iceland,2020,103.8,
ESTAT:STS_RB_A(1.0),16/01/25 11:00:00,Annual,Registrations,"Industry, construction and market services (except public administration and defence; compulsory social security; activities of membership organisations)",Unadjusted data (i.e. neither seasonally adjusted nor calendar adjusted data),"Index, 2015=100",Iceland,2021,132.8,
ESTAT:STS_RB_A(1.0),16/01/25 11:00:00,Annual,Registrations,"Industry, construction and market services (except public administration and defence; compulsory social security; activities of membership organisations)",Unadjusted data (i.e. neither seasonally adjusted nor calendar adjusted data),"Index, 2015=100",Iceland,2022,127.1,
ESTAT:STS_RB_A(1.0),16/01/25 11:00:00,Annual,Registrations,"Industry, construction and market services (except public administration and defence; compulsory social security; activities of membership organisations)",Unadjusted data (i.e. neither seasonally adjusted nor calendar adjusted data),"Index, 2015=100",Iceland,2023,131.8,
ESTAT:STS_RB_A(1.0),16/01/25 11:00:00,Annual,Registrations,"Industry, construction and market services (except public administration and defence; compulsory social security; activities of membership organisations)",Unadjusted data (i.e. neither seasonally adjusted nor calendar adjusted data),"Index, 2015=100",Italy,2015,100.0,
ESTAT:STS_RB_A(1.0),16/01/25 11:00:00,Annual,Registrations,"Industry, construction and market services (except public administration and defence; compulsory social security; activities of membership organisations)",Unadjusted data (i.e. neither seasonally adjusted nor calendar adjusted data),"Index, 2015=100",Italy,2016,94.7,
ESTAT:STS_RB_A(1.0),16/01/25 11:00:00,Annual,Registrations,"Industry, construction and market services (except public administration and defence; compulsory social security; activities of membership organisations)",Unadjusted data (i.e. neither seasonally adjusted nor calendar adjusted data),"Index, 2015=100",Italy,2017,91.7,
ESTAT:STS_RB_A(1.0),16/01/25 11:00:00,Annual,Registrations,"Industry, construction and market services (except public administration and defence; compulsory social security; activities of membership organisations)",Unadjusted data (i.e. neither seasonally adjusted nor calendar adjusted data),"Index, 2015=100",Italy,2018,90.8,
ESTAT:STS_RB_A(1.0),16/01/25 11:00:00,Annual,Registrations,"Industry, construction and market services (except public administration and defence; compulsory social security; activities of membership organisations)",Unadjusted data (i.e. neither seasonally adjusted nor calendar adjusted data),"Index, 2015=100",Italy,2019,94.7,
ESTAT:STS_RB_A(1.0),16/01/25 11:00:00,Annual,Registrations,"Industry, construction and market services (except public administration and defence; compulsory social security; activities of membership organisations)",Unadjusted data (i.e. neither seasonally adjusted nor calendar adjusted data),"Index, 2015=100",Italy,2020,77.7,
ESTAT:STS_RB_A(1.0),16/01/25 11:00:00,Annual,Registrations,"Industry, construction and market services (except public administration and defence; compulsory social security; activities of membership organisations)",Unadjusted data (i.e. neither seasonally adjusted nor calendar adjusted data),"Index, 2015=100",Italy,2021,89.0,
ESTAT:STS_RB_A(1.0),16/01/25 11:00:00,Annual,Registrations,"Industry, construction and market services (except public administration and defence; compulsory social security; activities of membership organisations)",Unadjusted data (i.e. neither seasonally adjusted nor calendar adjusted data),"Index, 2015=100",Italy,2022,84.0,
ESTAT:STS_RB_A(1.0),16/01/25 11:00:00,Annual,Registrations,"Industry, construction and market services (except public administration and defence; compulsory social security; activities of membership organisations)",Unadjusted data (i.e. neither seasonally adjusted nor calendar adjusted data),"Index, 2015=100",Italy,2023,85.1,
ESTAT:STS_RB_A(1.0),16/01/25 11:00:00,Annual,Registrations,"Industry, construction and market services (except public administration and defence; compulsory social security; activities of membership organisations)",Unadjusted data (i.e. neither seasonally adjusted nor calendar adjusted data),"Index, 2015=100",Lithuania,2015,100.0,
ESTAT:STS_RB_A(1.0),16/01/25 11:00:00,Annual,Registrations,"Industry, construction and market services (except public administration and defence; compulsory social security; activities of membership organisations)",Unadjusted data (i.e. neither seasonally adjusted nor calendar adjusted data),"Index, 2015=100",Lithuania,2016,103.0,
ESTAT:STS_RB_A(1.0),16/01/25 11:00:00,Annual,Registrations,"Industry, construction and market services (except public administration and defence; compulsory social security; activities of membership organisations)",Unadjusted data (i.e. neither seasonally adjusted nor calendar adjusted data),"Index, 2015=100",Lithuania,2017,111.7,
ESTAT:STS_RB_A(1.0),16/01/25 11:00:00,Annual,Registrations,"Industry, construction and market services (except public administration and defence; compulsory social security; activities of membership organisations)",Unadjusted data (i.e. neither seasonally adjusted nor calendar adjusted data),"Index, 2015=100",Lithuania,2018,116.0,
ESTAT:STS_RB_A(1.0),16/01/25 11:00:00,Annual,Registrations,"Industry, construction and market services (except public administration and defence; compulsory social security; activities of membership organisations)",Unadjusted data (i.e. neither seasonally adjusted nor calendar adjusted data),"Index, 2015=100",Lithuania,2019,123.4,
ESTAT:STS_RB_A(1.0),16/01/25 11:00:00,Annual,Registrations,"Industry, construction and market services (except public administration and defence; compulsory social security; activities of membership organisations)",Unadjusted data (i.e. neither seasonally adjusted nor calendar adjusted data),"Index, 2015=100",Lithuania,2020,131.2,
ESTAT:STS_RB_A(1.0),16/01/25 11:00:00,Annual,Registrations,"Industry, construction and market services (except public administration and defence; compulsory social security; activities of membership organisations)",Unadjusted data (i.e. neither seasonally adjusted nor calendar adjusted data),"Index, 2015=100",Lithuania,2021,144.8,e
ESTAT:STS_RB_A(1.0),16/01/25 11:00:00,Annual,Registrations,"Industry, construction and market services (except public administration and defence; compulsory social security; activities of membership organisations)",Unadjusted data (i.e. neither seasonally adjusted nor calendar adjusted data),"Index, 2015=100",Lithuania,2022,138.9,e
ESTAT:STS_RB_A(1.0),16/01/25 11:00:00,Annual,Registrations,"Industry, construction and market services (except public administration and defence; compulsory social security; activities of membership organisations)",Unadjusted data (i.e. neither seasonally adjusted nor calendar adjusted data),"Index, 2015=100",Lithuania,2023,151.4,e
ESTAT:STS_RB_A(1.0),16/01/25 11:00:00,Annual,Registrations,"Industry, construction and market services (except public administration and defence; compulsory social security; activities of membership organisations)",Unadjusted data (i.e. neither seasonally adjusted nor calendar adjusted data),"Index, 2015=100",Luxembourg,2015,100.0,
ESTAT:STS_RB_A(1.0),16/01/25 11:00:00,Annual,Registrations,"Industry, construction and market services (except public administration and defence; compulsory social security; activities of membership organisations)",Unadjusted data (i.e. neither seasonally adjusted nor calendar adjusted data),"Index, 2015=100",Luxembourg,2016,102.3,
ESTAT:STS_RB_A(1.0),16/01/25 11:00:00,Annual,Registrations,"Industry, construction and market services (except public administration and defence; compulsory social security; activities of membership organisations)",Unadjusted data (i.e. neither seasonally adjusted nor calendar adjusted data),"Index, 2015=100",Luxembourg,2017,108.4,
ESTAT:STS_RB_A(1.0),16/01/25 11:00:00,Annual,Registrations,"Industry, construction and market services (except public administration and defence; compulsory social security; activities of membership organisations)",Unadjusted data (i.e. neither seasonally adjusted nor calendar adjusted data),"Index, 2015=100",Luxembourg,2018,110.8,
ESTAT:STS_RB_A(1.0),16/01/25 11:00:00,Annual,Registrations,"Industry, construction and market services (except public administration and defence; compulsory social security; activities of membership organisations)",Unadjusted data (i.e. neither seasonally adjusted nor calendar adjusted data),"Index, 2015=100",Luxembourg,2019,114.0,
ESTAT:STS_RB_A(1.0),16/01/25 11:00:00,Annual,Registrations,"Industry, construction and market services (except public administration and defence; compulsory social security; activities of membership organisations)",Unadjusted data (i.e. neither seasonally adjusted nor calendar adjusted data),"Index, 2015=100",Luxembourg,2020,104.4,
ESTAT:STS_RB_A(1.0),16/01/25 11:00:00,Annual,Registrations,"Industry, construction and market services (except public administration and defence; compulsory social security; activities of membership organisations)",Unadjusted data (i.e. neither seasonally adjusted nor calendar adjusted data),"Index, 2015=100",Luxembourg,2021,113.1,p
ESTAT:STS_RB_A(1.0),16/01/25 11:00:00,Annual,Registrations,"Industry, construction and market services (except public administration and defence; compulsory social security; activities of membership organisations)",Unadjusted data (i.e. neither seasonally adjusted nor calendar adjusted data),"Index, 2015=100",Luxembourg,2022,97.7,e
ESTAT:STS_RB_A(1.0),16/01/25 11:00:00,Annual,Registrations,"Industry, construction and market services (except public administration and defence; compulsory social security; activities of membership organisations)",Unadjusted data (i.e. neither seasonally adjusted nor calendar adjusted data),"Index, 2015=100",Luxembourg,2023,109.5,e
ESTAT:STS_RB_A(1.0),16/01/25 11:00:00,Annual,Registrations,"Industry, construction and market services (except public administration and defence; compulsory social security; activities of membership organisations)",Unadjusted data (i.e. neither seasonally adjusted nor calendar adjusted data),"Index, 2015=100",Latvia,2015,100.0,
ESTAT:STS_RB_A(1.0),16/01/25 11:00:00,Annual,Registrations,"Industry, construction and market services (except public administration and defence; compulsory social security; activities of membership organisations)",Unadjusted data (i.e. neither seasonally adjusted nor calendar adjusted data),"Index, 2015=100",Latvia,2016,90.5,
ESTAT:STS_RB_A(1.0),16/01/25 11:00:00,Annual,Registrations,"Industry, construction and market services (except public administration and defence; compulsory social security; activities of membership organisations)",Unadjusted data (i.e. neither seasonally adjusted nor calendar adjusted data),"Index, 2015=100",Latvia,2017,83.2,
ESTAT:STS_RB_A(1.0),16/01/25 11:00:00,Annual,Registrations,"Industry, construction and market services (except public administration and defence; compulsory social security; activities of membership organisations)",Unadjusted data (i.e. neither seasonally adjusted nor calendar adjusted data),"Index, 2015=100",Latvia,2018,86.9,
ESTAT:STS_RB_A(1.0),16/01/25 11:00:00,Annual,Registrations,"Industry, construction and market services (except public administration and defence; compulsory social security; activities of membership organisations)",Unadjusted data (i.e. neither seasonally adjusted nor calendar adjusted data),"Index, 2015=100",Latvia,2019,85.5,
ESTAT:STS_RB_A(1.0),16/01/25 11:00:00,Annual,Registrations,"Industry, construction and market services (except public administration and defence; compulsory social security; activities of membership organisations)",Unadjusted data (i.e. neither seasonally adjusted nor calendar adjusted data),"Index, 2015=100",Latvia,2020,73.1,
ESTAT:STS_RB_A(1.0),16/01/25 11:00:00,Annual,Registrations,"Industry, construction and market services (except public administration and defence; compulsory social security; activities of membership organisations)",Unadjusted data (i.e. neither seasonally adjusted nor calendar adjusted data),"Index, 2015=100",Latvia,2021,75.4,
ESTAT:STS_RB_A(1.0),16/01/25 11:00:00,Annual,Registrations,"Industry, construction and market services (except public administration and defence; compulsory social security; activities of membership organisations)",Unadjusted data (i.e. neither seasonally adjusted nor calendar adjusted data),"Index, 2015=100",Latvia,2022,72.5,
ESTAT:STS_RB_A(1.0),16/01/25 11:00:00,Annual,Registrations,"Industry, construction and market services (except public administration and defence; compulsory social security; activities of membership organisations)",Unadjusted data (i.e. neither seasonally adjusted nor calendar adjusted data),"Index, 2015=100",Latvia,2023,72.1,
ESTAT:STS_RB_A(1.0),16/01/25 11:00:00,Annual,Registrations,"Industry, construction and market services (except public administration and defence; compulsory social security; activities of membership organisations)",Unadjusted data (i.e. neither seasonally adjusted nor calendar adjusted data),"Index, 2015=100",Malta,2015,100.0,
ESTAT:STS_RB_A(1.0),16/01/25 11:00:00,Annual,Registrations,"Industry, construction and market services (except public administration and defence; compulsory social security; activities of membership organisations)",Unadjusted data (i.e. neither seasonally adjusted nor calendar adjusted data),"Index, 2015=100",Malta,2016,100.3,
ESTAT:STS_RB_A(1.0),16/01/25 11:00:00,Annual,Registrations,"Industry, construction and market services (except public administration and defence; compulsory social security; activities of membership organisations)",Unadjusted data (i.e. neither seasonally adjusted nor calendar adjusted data),"Index, 2015=100",Malta,2017,104.9,
ESTAT:STS_RB_A(1.0),16/01/25 11:00:00,Annual,Registrations,"Industry, construction and market services (except public administration and defence; compulsory social security; activities of membership organisations)",Unadjusted data (i.e. neither seasonally adjusted nor calendar adjusted data),"Index, 2015=100",Malta,2018,117.3,
ESTAT:STS_RB_A(1.0),16/01/25 11:00:00,Annual,Registrations,"Industry, construction and market services (except public administration and defence; compulsory social security; activities of membership organisations)",Unadjusted data (i.e. neither seasonally adjusted nor calendar adjusted data),"Index, 2015=100",Malta,2019,101.9,
ESTAT:STS_RB_A(1.0),16/01/25 11:00:00,Annual,Registrations,"Industry, construction and market services (except public administration and defence; compulsory social security; activities of membership organisations)",Unadjusted data (i.e. neither seasonally adjusted nor calendar adjusted data),"Index, 2015=100",Malta,2020,96.9,
ESTAT:STS_RB_A(1.0),16/01/25 11:00:00,Annual,Registrations,"Industry, construction and market services (except public administration and defence; compulsory social security; activities of membership organisations)",Unadjusted data (i.e. neither seasonally adjusted nor calendar adjusted data),"Index, 2015=100",Malta,2021,105.4,
ESTAT:STS_RB_A(1.0),16/01/25 11:00:00,Annual,Registrations,"Industry, construction and market services (except public administration and defence; compulsory social security; activities of membership organisations)",Unadjusted data (i.e. neither seasonally adjusted nor calendar adjusted data),"Index, 2015=100",Malta,2022,91.7,p
ESTAT:STS_RB_A(1.0),16/01/25 11:00:00,Annual,Registrations,"Industry, construction and market services (except public administration and defence; compulsory social security; activities of membership organisations)",Unadjusted data (i.e. neither seasonally adjusted nor calendar adjusted data),"Index, 2015=100",Malta,2023,88.5,p
ESTAT:STS_RB_A(1.0),16/01/25 11:00:00,Annual,Registrations,"Industry, construction and market services (except public administration and defence; compulsory social security; activities of membership organisations)",Unadjusted data (i.e. neither seasonally adjusted nor calendar adjusted data),"Index, 2015=100",Netherlands,2015,100.0,
ESTAT:STS_RB_A(1.0),16/01/25 11:00:00,Annual,Registrations,"Industry, construction and market services (except public administration and defence; compulsory social security; activities of membership organisations)",Unadjusted data (i.e. neither seasonally adjusted nor calendar adjusted data),"Index, 2015=100",Netherlands,2016,103.8,
ESTAT:STS_RB_A(1.0),16/01/25 11:00:00,Annual,Registrations,"Industry, construction and market services (except public administration and defence; compulsory social security; activities of membership organisations)",Unadjusted data (i.e. neither seasonally adjusted nor calendar adjusted data),"Index, 2015=100",Netherlands,2017,106.2,
ESTAT:STS_RB_A(1.0),16/01/25 11:00:00,Annual,Registrations,"Industry, construction and market services (except public administration and defence; compulsory social security; activities of membership organisations)",Unadjusted data (i.e. neither seasonally adjusted nor calendar adjusted data),"Index, 2015=100",Netherlands,2018,111.8,
ESTAT:STS_RB_A(1.0),16/01/25 11:00:00,Annual,Registrations,"Industry, construction and market services (except public administration and defence; compulsory social security; activities of membership organisations)",Unadjusted data (i.e. neither seasonally adjusted nor calendar adjusted data),"Index, 2015=100",Netherlands,2019,126.1,
ESTAT:STS_RB_A(1.0),16/01/25 11:00:00,Annual,Registrations,"Industry, construction and market services (except public administration and defence; compulsory social security; activities of membership organisations)",Unadjusted data (i.e. neither seasonally adjusted nor calendar adjusted data),"Index, 2015=100",Netherlands,2020,121.2,
ESTAT:STS_RB_A(1.0),16/01/25 11:00:00,Annual,Registrations,"Industry, construction and market services (except public administration and defence; compulsory social security; activities of membership organisations)",Unadjusted data (i.e. neither seasonally adjusted nor calendar adjusted data),"Index, 2015=100",Netherlands,2021,137.9,
ESTAT:STS_RB_A(1.0),16/01/25 11:00:00,Annual,Registrations,"Industry, construction and market services (except public administration and defence; compulsory social security; activities of membership organisations)",Unadjusted data (i.e. neither seasonally adjusted nor calendar adjusted data),"Index, 2015=100",Netherlands,2022,142.2,
ESTAT:STS_RB_A(1.0),16/01/25 11:00:00,Annual,Registrations,"Industry, construction and market services (except public administration and defence; compulsory social security; activities of membership organisations)",Unadjusted data (i.e. neither seasonally adjusted nor calendar adjusted data),"Index, 2015=100",Netherlands,2023,149.8,
ESTAT:STS_RB_A(1.0),16/01/25 11:00:00,Annual,Registrations,"Industry, construction and market services (except public administration and defence; compulsory social security; activities of membership organisations)",Unadjusted data (i.e. neither seasonally adjusted nor calendar adjusted data),"Index, 2015=100",Norway,2015,100.0,
ESTAT:STS_RB_A(1.0),16/01/25 11:00:00,Annual,Registrations,"Industry, construction and market services (except public administration and defence; compulsory social security; activities of membership organisations)",Unadjusted data (i.e. neither seasonally adjusted nor calendar adjusted data),"Index, 2015=100",Norway,2016,101.0,
ESTAT:STS_RB_A(1.0),16/01/25 11:00:00,Annual,Registrations,"Industry, construction and market services (except public administration and defence; compulsory social security; activities of membership organisations)",Unadjusted data (i.e. neither seasonally adjusted nor calendar adjusted data),"Index, 2015=100",Norway,2017,98.0,
ESTAT:STS_RB_A(1.0),16/01/25 11:00:00,Annual,Registrations,"Industry, construction and market services (except public administration and defence; compulsory social security; activities of membership organisations)",Unadjusted data (i.e. neither seasonally adjusted nor calendar adjusted data),"Index, 2015=100",Norway,2018,97.7,
ESTAT:STS_RB_A(1.0),16/01/25 11:00:00,Annual,Registrations,"Industry, construction and market services (except public administration and defence; compulsory social security; activities of membership organisations)",Unadjusted data (i.e. neither seasonally adjusted nor calendar adjusted data),"Index, 2015=100",Norway,2019,102.3,
ESTAT:STS_RB_A(1.0),16/01/25 11:00:00,Annual,Registrations,"Industry, construction and market services (except public administration and defence; compulsory social security; activities of membership organisations)",Unadjusted data (i.e. neither seasonally adjusted nor calendar adjusted data),"Index, 2015=100",Norway,2020,103.8,
ESTAT:STS_RB_A(1.0),16/01/25 11:00:00,Annual,Registrations,"Industry, construction and market services (except public administration and defence; compulsory social security; activities of membership organisations)",Unadjusted data (i.e. neither seasonally adjusted nor calendar adjusted data),"Index, 2015=100",Norway,2021,105.7,
ESTAT:STS_RB_A(1.0),16/01/25 11:00:00,Annual,Registrations,"Industry, construction and market services (except public administration and defence; compulsory social security; activities of membership organisations)",Unadjusted data (i.e. neither seasonally adjusted nor calendar adjusted data),"Index, 2015=100",Norway,2022,92.0,
ESTAT:STS_RB_A(1.0),16/01/25 11:00:00,Annual,Registrations,"Industry, construction and market services (except public administration and defence; compulsory social security; activities of membership organisations)",Unadjusted data (i.e. neither seasonally adjusted nor calendar adjusted data),"Index, 2015=100",Norway,2023,99.8,
ESTAT:STS_RB_A(1.0),16/01/25 11:00:00,Annual,Registrations,"Industry, construction and market services (except public administration and defence; compulsory social security; activities of membership organisations)",Unadjusted data (i.e. neither seasonally adjusted nor calendar adjusted data),"Index, 2015=100",Poland,2015,100.0,
ESTAT:STS_RB_A(1.0),16/01/25 11:00:00,Annual,Registrations,"Industry, construction and market services (except public administration and defence; compulsory social security; activities of membership organisations)",Unadjusted data (i.e. neither seasonally adjusted nor calendar adjusted data),"Index, 2015=100",Poland,2016,97.5,
ESTAT:STS_RB_A(1.0),16/01/25 11:00:00,Annual,Registrations,"Industry, construction and market services (except public administration and defence; compulsory social security; activities of membership organisations)",Unadjusted data (i.e. neither seasonally adjusted nor calendar adjusted data),"Index, 2015=100",Poland,2017,101.2,
ESTAT:STS_RB_A(1.0),16/01/25 11:00:00,Annual,Registrations,"Industry, construction and market services (except public administration and defence; compulsory social security; activities of membership organisations)",Unadjusted data (i.e. neither seasonally adjusted nor calendar adjusted data),"Index, 2015=100",Poland,2018,108.2,
ESTAT:STS_RB_A(1.0),16/01/25 11:00:00,Annual,Registrations,"Industry, construction and market services (except public administration and defence; compulsory social security; activities of membership organisations)",Unadjusted data (i.e. neither seasonally adjusted nor calendar adjusted data),"Index, 2015=100",Poland,2019,105.1,
ESTAT:STS_RB_A(1.0),16/01/25 11:00:00,Annual,Registrations,"Industry, construction and market services (except public administration and defence; compulsory social security; activities of membership organisations)",Unadjusted data (i.e. neither seasonally adjusted nor calendar adjusted data),"Index, 2015=100",Poland,2020,92.1,
ESTAT:STS_RB_A(1.0),16/01/25 11:00:00,Annual,Registrations,"Industry, construction and market services (except public administration and defence; compulsory social security; activities of membership organisations)",Unadjusted data (i.e. neither seasonally adjusted nor calendar adjusted data),"Index, 2015=100",Poland,2021,103.5,
ESTAT:STS_RB_A(1.0),16/01/25 11:00:00,Annual,Registrations,"Industry, construction and market services (except public administration and defence; compulsory social security; activities of membership organisations)",Unadjusted data (i.e. neither seasonally adjusted nor calendar adjusted data),"Index, 2015=100",Poland,2022,108.3,
ESTAT:STS_RB_A(1.0),16/01/25 11:00:00,Annual,Registrations,"Industry, construction and market services (except public administration and defence; compulsory social security; activities of membership organisations)",Unadjusted data (i.e. neither seasonally adjusted nor calendar adjusted data),"Index, 2015=100",Poland,2023,106.2,
ESTAT:STS_RB_A(1.0),16/01/25 11:00:00,Annual,Registrations,"Industry, construction and market services (except public administration and defence; compulsory social security; activities of membership organisations)",Unadjusted data (i.e. neither seasonally adjusted nor calendar adjusted data),"Index, 2015=100",Portugal,2015,100.0,
ESTAT:STS_RB_A(1.0),16/01/25 11:00:00,Annual,Registrations,"Industry, construction and market services (except public administration and defence; compulsory social security; activities of membership organisations)",Unadjusted data (i.e. neither seasonally adjusted nor calendar adjusted data),"Index, 2015=100",Portugal,2016,100.6,
ESTAT:STS_RB_A(1.0),16/01/25 11:00:00,Annual,Registrations,"Industry, construction and market services (except public administration and defence; compulsory social security; activities of membership organisations)",Unadjusted data (i.e. neither seasonally adjusted nor calendar adjusted data),"Index, 2015=100",Portugal,2017,110.0,
ESTAT:STS_RB_A(1.0),16/01/25 11:00:00,Annual,Registrations,"Industry, construction and market services (except public administration and defence; compulsory social security; activities of membership organisations)",Unadjusted data (i.e. neither seasonally adjusted nor calendar adjusted data),"Index, 2015=100",Portugal,2018,125.6,
ESTAT:STS_RB_A(1.0),16/01/25 11:00:00,Annual,Registrations,"Industry, construction and market services (except public administration and defence; compulsory social security; activities of membership organisations)",Unadjusted data (i.e. neither seasonally adjusted nor calendar adjusted data),"Index, 2015=100",Portugal,2019,137.2,
ESTAT:STS_RB_A(1.0),16/01/25 11:00:00,Annual,Registrations,"Industry, construction and market services (except public administration and defence; compulsory social security; activities of membership organisations)",Unadjusted data (i.e. neither seasonally adjusted nor calendar adjusted data),"Index, 2015=100",Portugal,2020,104.4,
ESTAT:STS_RB_A(1.0),16/01/25 11:00:00,Annual,Registrations,"Industry, construction and market services (except public administration and defence; compulsory social security; activities of membership organisations)",Unadjusted data (i.e. neither seasonally adjusted nor calendar adjusted data),"Index, 2015=100",Portugal,2021,115.5,
ESTAT:STS_RB_A(1.0),16/01/25 11:00:00,Annual,Registrations,"Industry, construction and market services (except public administration and defence; compulsory social security; activities of membership organisations)",Unadjusted data (i.e. neither seasonally adjusted nor calendar adjusted data),"Index, 2015=100",Portugal,2022,134.2,
ESTAT:STS_RB_A(1.0),16/01/25 11:00:00,Annual,Registrations,"Industry, construction and market services (except public administration and defence; compulsory social security; activities of membership organisations)",Unadjusted data (i.e. neither seasonally adjusted nor calendar adjusted data),"Index, 2015=100",Portugal,2023,143.1,
ESTAT:STS_RB_A(1.0),16/01/25 11:00:00,Annual,Registrations,"Industry, construction and market services (except public administration and defence; compulsory social security; activities of membership organisations)",Unadjusted data (i.e. neither seasonally adjusted nor calendar adjusted data),"Index, 2015=100",Romania,2015,100.0,
ESTAT:STS_RB_A(1.0),16/01/25 11:00:00,Annual,Registrations,"Industry, construction and market services (except public administration and defence; compulsory social security; activities of membership organisations)",Unadjusted data (i.e. neither seasonally adjusted nor calendar adjusted data),"Index, 2015=100",Romania,2016,95.7,
ESTAT:STS_RB_A(1.0),16/01/25 11:00:00,Annual,Registrations,"Industry, construction and market services (except public administration and defence; compulsory social security; activities of membership organisations)",Unadjusted data (i.e. neither seasonally adjusted nor calendar adjusted data),"Index, 2015=100",Romania,2017,141.8,
ESTAT:STS_RB_A(1.0),16/01/25 11:00:00,Annual,Registrations,"Industry, construction and market services (except public administration and defence; compulsory social security; activities of membership organisations)",Unadjusted data (i.e. neither seasonally adjusted nor calendar adjusted data),"Index, 2015=100",Romania,2018,130.0,
ESTAT:STS_RB_A(1.0),16/01/25 11:00:00,Annual,Registrations,"Industry, construction and market services (except public administration and defence; compulsory social security; activities of membership organisations)",Unadjusted data (i.e. neither seasonally adjusted nor calendar adjusted data),"Index, 2015=100",Romania,2019,147.7,
ESTAT:STS_RB_A(1.0),16/01/25 11:00:00,Annual,Registrations,"Industry, construction and market services (except public administration and defence; compulsory social security; activities of membership organisations)",Unadjusted data (i.e. neither seasonally adjusted nor calendar adjusted data),"Index, 2015=100",Romania,2020,122.4,
ESTAT:STS_RB_A(1.0),16/01/25 11:00:00,Annual,Registrations,"Industry, construction and market services (except public administration and defence; compulsory social security; activities of membership organisations)",Unadjusted data (i.e. neither seasonally adjusted nor calendar adjusted data),"Index, 2015=100",Romania,2021,161.1,
ESTAT:STS_RB_A(1.0),16/01/25 11:00:00,Annual,Registrations,"Industry, construction and market services (except public administration and defence; compulsory social security; activities of membership organisations)",Unadjusted data (i.e. neither seasonally adjusted nor calendar adjusted data),"Index, 2015=100",Romania,2022,182.5,
ESTAT:STS_RB_A(1.0),16/01/25 11:00:00,Annual,Registrations,"Industry, construction and market services (except public administration and defence; compulsory social security; activities of membership organisations)",Unadjusted data (i.e. neither seasonally adjusted nor calendar adjusted data),"Index, 2015=100",Romania,2023,168.5,
ESTAT:STS_RB_A(1.0),16/01/25 11:00:00,Annual,Registrations,"Industry, construction and market services (except public administration and defence; compulsory social security; activities of membership organisations)",Unadjusted data (i.e. neither seasonally adjusted nor calendar adjusted data),"Index, 2015=100",Slovenia,2015,100.0,
ESTAT:STS_RB_A(1.0),16/01/25 11:00:00,Annual,Registrations,"Industry, construction and market services (except public administration and defence; compulsory social security; activities of membership organisations)",Unadjusted data (i.e. neither seasonally adjusted nor calendar adjusted data),"Index, 2015=100",Slovenia,2016,98.4,
ESTAT:STS_RB_A(1.0),16/01/25 11:00:00,Annual,Registrations,"Industry, construction and market services (except public administration and defence; compulsory social security; activities of membership organisations)",Unadjusted data (i.e. neither seasonally adjusted nor calendar adjusted data),"Index, 2015=100",Slovenia,2017,99.4,
ESTAT:STS_RB_A(1.0),16/01/25 11:00:00,Annual,Registrations,"Industry, construction and market services (except public administration and defence; compulsory social security; activities of membership organisations)",Unadjusted data (i.e. neither seasonally adjusted nor calendar adjusted data),"Index, 2015=100",Slovenia,2018,103.5,
ESTAT:STS_RB_A(1.0),16/01/25 11:00:00,Annual,Registrations,"Industry, construction and market services (except public administration and defence; compulsory social security; activities of membership organisations)",Unadjusted data (i.e. neither seasonally adjusted nor calendar adjusted data),"Index, 2015=100",Slovenia,2019,105.4,
ESTAT:STS_RB_A(1.0),16/01/25 11:00:00,Annual,Registrations,"Industry, construction and market services (except public administration and defence; compulsory social security; activities of membership organisations)",Unadjusted data (i.e. neither seasonally adjusted nor calendar adjusted data),"Index, 2015=100",Slovenia,2020,95.1,
ESTAT:STS_RB_A(1.0),16/01/25 11:00:00,Annual,Registrations,"Industry, construction and market services (except public administration and defence; compulsory social security; activities of membership organisations)",Unadjusted data (i.e. neither seasonally adjusted nor calendar adjusted data),"Index, 2015=100",Slovenia,2021,108.2,
ESTAT:STS_RB_A(1.0),16/01/25 11:00:00,Annual,Registrations,"Industry, construction and market services (except public administration and defence; compulsory social security; activities of membership organisations)",Unadjusted data (i.e. neither seasonally adjusted nor calendar adjusted data),"Index, 2015=100",Slovenia,2022,115.4,
ESTAT:STS_RB_A(1.0),16/01/25 11:00:00,Annual,Registrations,"Industry, construction and market services (except public administration and defence; compulsory social security; activities of membership organisations)",Unadjusted data (i.e. neither seasonally adjusted nor calendar adjusted data),"Index, 2015=100",Slovenia,2023,119.4,
ESTAT:STS_RB_A(1.0),16/01/25 11:00:00,Annual,Registrations,"Industry, construction and market services (except public administration and defence; compulsory social security; activities of membership organisations)",Unadjusted data (i.e. neither seasonally adjusted nor calendar adjusted data),"Index, 2015=100",Slovakia,2015,100.0,
ESTAT:STS_RB_A(1.0),16/01/25 11:00:00,Annual,Registrations,"Industry, construction and market services (except public administration and defence; compulsory social security; activities of membership organisations)",Unadjusted data (i.e. neither seasonally adjusted nor calendar adjusted data),"Index, 2015=100",Slovakia,2016,108.0,
ESTAT:STS_RB_A(1.0),16/01/25 11:00:00,Annual,Registrations,"Industry, construction and market services (except public administration and defence; compulsory social security; activities of membership organisations)",Unadjusted data (i.e. neither seasonally adjusted nor calendar adjusted data),"Index, 2015=100",Slovakia,2017,136.6,
ESTAT:STS_RB_A(1.0),16/01/25 11:00:00,Annual,Registrations,"Industry, construction and market services (except public administration and defence; compulsory social security; activities of membership organisations)",Unadjusted data (i.e. neither seasonally adjusted nor calendar adjusted data),"Index, 2015=100",Slovakia,2018,139.2,
ESTAT:STS_RB_A(1.0),16/01/25 11:00:00,Annual,Registrations,"Industry, construction and market services (except public administration and defence; compulsory social security; activities of membership organisations)",Unadjusted data (i.e. neither seasonally adjusted nor calendar adjusted data),"Index, 2015=100",Slovakia,2019,143.3,
ESTAT:STS_RB_A(1.0),16/01/25 11:00:00,Annual,Registrations,"Industry, construction and market services (except public administration and defence; compulsory social security; activities of membership organisations)",Unadjusted data (i.e. neither seasonally adjusted nor calendar adjusted data),"Index, 2015=100",Slovakia,2020,135.6,
ESTAT:STS_RB_A(1.0),16/01/25 11:00:00,Annual,Registrations,"Industry, construction and market services (except public administration and defence; compulsory social security; activities of membership organisations)",Unadjusted data (i.e. neither seasonally adjusted nor calendar adjusted data),"Index, 2015=100",Slovakia,2021,143.1,
ESTAT:STS_RB_A(1.0),16/01/25 11:00:00,Annual,Registrations,"Industry, construction and market services (except public administration and defence; compulsory social security; activities of membership organisations)",Unadjusted data (i.e. neither seasonally adjusted nor calendar adjusted data),"Index, 2015=100",Slovakia,2022,120.1,
ESTAT:STS_RB_A(1.0),16/01/25 11:00:00,Annual,Registrations,"Industry, construction and market services (except public administration and defence; compulsory social security; activities of membership organisations)",Unadjusted data (i.e. neither seasonally adjusted nor calendar adjusted data),"Index, 2015=100",Slovakia,2023,127.2,
