DATAFLOW,LAST UPDATE,freq,nace_r2,na_item,unit,geo,TIME_PERIOD,OBS_VALUE,OBS_FLAG
ESTAT:NAMA_10R_2LP10(1.0),19/02/24 23:00:00,Annual,Total - all NACE activities,Compensation of employees per hour worked,Euro,Austria,2000,19.3,
ESTAT:NAMA_10R_2LP10(1.0),19/02/24 23:00:00,Annual,Total - all NACE activities,Compensation of employees per hour worked,Euro,Austria,2001,19.7,
ESTAT:NAMA_10R_2LP10(1.0),19/02/24 23:00:00,Annual,Total - all NACE activities,Compensation of employees per hour worked,Euro,Austria,2002,20.2,
ESTAT:NAMA_10R_2LP10(1.0),19/02/24 23:00:00,Annual,Total - all NACE activities,Compensation of employees per hour worked,Euro,Austria,2003,20.6,
ESTAT:NAMA_10R_2LP10(1.0),19/02/24 23:00:00,Annual,Total - all NACE activities,Compensation of employees per hour worked,Euro,Austria,2004,21,
ESTAT:NAMA_10R_2LP10(1.0),19/02/24 23:00:00,Annual,Total - all NACE activities,Compensation of employees per hour worked,Euro,Austria,2005,21.5,
ESTAT:NAMA_10R_2LP10(1.0),19/02/24 23:00:00,Annual,Total - all NACE activities,Compensation of employees per hour worked,Euro,Austria,2006,22.4,
ESTAT:NAMA_10R_2LP10(1.0),19/02/24 23:00:00,Annual,Total - all NACE activities,Compensation of employees per hour worked,Euro,Austria,2007,23.1,
ESTAT:NAMA_10R_2LP10(1.0),19/02/24 23:00:00,Annual,Total - all NACE activities,Compensation of employees per hour worked,Euro,Austria,2008,23.8,
ESTAT:NAMA_10R_2LP10(1.0),19/02/24 23:00:00,Annual,Total - all NACE activities,Compensation of employees per hour worked,Euro,Austria,2009,24.8,
ESTAT:NAMA_10R_2LP10(1.0),19/02/24 23:00:00,Annual,Total - all NACE activities,Compensation of employees per hour worked,Euro,Austria,2010,25.1,
ESTAT:NAMA_10R_2LP10(1.0),19/02/24 23:00:00,Annual,Total - all NACE activities,Compensation of employees per hour worked,Euro,Austria,2011,25.6,
ESTAT:NAMA_10R_2LP10(1.0),19/02/24 23:00:00,Annual,Total - all NACE activities,Compensation of employees per hour worked,Euro,Austria,2012,26.5,
ESTAT:NAMA_10R_2LP10(1.0),19/02/24 23:00:00,Annual,Total - all NACE activities,Compensation of employees per hour worked,Euro,Austria,2013,27.3,
ESTAT:NAMA_10R_2LP10(1.0),19/02/24 23:00:00,Annual,Total - all NACE activities,Compensation of employees per hour worked,Euro,Austria,2014,27.9,
ESTAT:NAMA_10R_2LP10(1.0),19/02/24 23:00:00,Annual,Total - all NACE activities,Compensation of employees per hour worked,Euro,Austria,2015,28.9,
ESTAT:NAMA_10R_2LP10(1.0),19/02/24 23:00:00,Annual,Total - all NACE activities,Compensation of employees per hour worked,Euro,Austria,2016,29.3,
ESTAT:NAMA_10R_2LP10(1.0),19/02/24 23:00:00,Annual,Total - all NACE activities,Compensation of employees per hour worked,Euro,Austria,2017,30,
ESTAT:NAMA_10R_2LP10(1.0),19/02/24 23:00:00,Annual,Total - all NACE activities,Compensation of employees per hour worked,Euro,Austria,2018,30.9,
ESTAT:NAMA_10R_2LP10(1.0),19/02/24 23:00:00,Annual,Total - all NACE activities,Compensation of employees per hour worked,Euro,Austria,2019,31.5,
ESTAT:NAMA_10R_2LP10(1.0),19/02/24 23:00:00,Annual,Total - all NACE activities,Compensation of employees per hour worked,Euro,Austria,2020,34.7,
ESTAT:NAMA_10R_2LP10(1.0),19/02/24 23:00:00,Annual,Total - all NACE activities,Compensation of employees per hour worked,Euro,Austria,2021,34.5,
ESTAT:NAMA_10R_2LP10(1.0),19/02/24 23:00:00,Annual,Total - all NACE activities,Compensation of employees per hour worked,Euro,Belgium,2000,25.8,
ESTAT:NAMA_10R_2LP10(1.0),19/02/24 23:00:00,Annual,Total - all NACE activities,Compensation of employees per hour worked,Euro,Belgium,2001,26.9,
ESTAT:NAMA_10R_2LP10(1.0),19/02/24 23:00:00,Annual,Total - all NACE activities,Compensation of employees per hour worked,Euro,Belgium,2002,28.1,
ESTAT:NAMA_10R_2LP10(1.0),19/02/24 23:00:00,Annual,Total - all NACE activities,Compensation of employees per hour worked,Euro,Belgium,2003,28.3,
ESTAT:NAMA_10R_2LP10(1.0),19/02/24 23:00:00,Annual,Total - all NACE activities,Compensation of employees per hour worked,Euro,Belgium,2004,28.9,
ESTAT:NAMA_10R_2LP10(1.0),19/02/24 23:00:00,Annual,Total - all NACE activities,Compensation of employees per hour worked,Euro,Belgium,2005,29.6,
ESTAT:NAMA_10R_2LP10(1.0),19/02/24 23:00:00,Annual,Total - all NACE activities,Compensation of employees per hour worked,Euro,Belgium,2006,30.5,
ESTAT:NAMA_10R_2LP10(1.0),19/02/24 23:00:00,Annual,Total - all NACE activities,Compensation of employees per hour worked,Euro,Belgium,2007,31.5,
ESTAT:NAMA_10R_2LP10(1.0),19/02/24 23:00:00,Annual,Total - all NACE activities,Compensation of employees per hour worked,Euro,Belgium,2008,32.8,
ESTAT:NAMA_10R_2LP10(1.0),19/02/24 23:00:00,Annual,Total - all NACE activities,Compensation of employees per hour worked,Euro,Belgium,2009,33.8,
ESTAT:NAMA_10R_2LP10(1.0),19/02/24 23:00:00,Annual,Total - all NACE activities,Compensation of employees per hour worked,Euro,Belgium,2010,34.3,
ESTAT:NAMA_10R_2LP10(1.0),19/02/24 23:00:00,Annual,Total - all NACE activities,Compensation of employees per hour worked,Euro,Belgium,2011,35.1,
ESTAT:NAMA_10R_2LP10(1.0),19/02/24 23:00:00,Annual,Total - all NACE activities,Compensation of employees per hour worked,Euro,Belgium,2012,36.2,
ESTAT:NAMA_10R_2LP10(1.0),19/02/24 23:00:00,Annual,Total - all NACE activities,Compensation of employees per hour worked,Euro,Belgium,2013,37.2,
ESTAT:NAMA_10R_2LP10(1.0),19/02/24 23:00:00,Annual,Total - all NACE activities,Compensation of employees per hour worked,Euro,Belgium,2014,37.6,
ESTAT:NAMA_10R_2LP10(1.0),19/02/24 23:00:00,Annual,Total - all NACE activities,Compensation of employees per hour worked,Euro,Belgium,2015,37.8,
ESTAT:NAMA_10R_2LP10(1.0),19/02/24 23:00:00,Annual,Total - all NACE activities,Compensation of employees per hour worked,Euro,Belgium,2016,37.9,
ESTAT:NAMA_10R_2LP10(1.0),19/02/24 23:00:00,Annual,Total - all NACE activities,Compensation of employees per hour worked,Euro,Belgium,2017,38.5,
ESTAT:NAMA_10R_2LP10(1.0),19/02/24 23:00:00,Annual,Total - all NACE activities,Compensation of employees per hour worked,Euro,Belgium,2018,39.1,
ESTAT:NAMA_10R_2LP10(1.0),19/02/24 23:00:00,Annual,Total - all NACE activities,Compensation of employees per hour worked,Euro,Belgium,2019,39.9,
ESTAT:NAMA_10R_2LP10(1.0),19/02/24 23:00:00,Annual,Total - all NACE activities,Compensation of employees per hour worked,Euro,Belgium,2020,41.9,
ESTAT:NAMA_10R_2LP10(1.0),19/02/24 23:00:00,Annual,Total - all NACE activities,Compensation of employees per hour worked,Euro,Belgium,2021,42.1,
ESTAT:NAMA_10R_2LP10(1.0),19/02/24 23:00:00,Annual,Total - all NACE activities,Compensation of employees per hour worked,Euro,Bulgaria,2000,1.3,
ESTAT:NAMA_10R_2LP10(1.0),19/02/24 23:00:00,Annual,Total - all NACE activities,Compensation of employees per hour worked,Euro,Bulgaria,2001,1.5,
ESTAT:NAMA_10R_2LP10(1.0),19/02/24 23:00:00,Annual,Total - all NACE activities,Compensation of employees per hour worked,Euro,Bulgaria,2002,1.5,
ESTAT:NAMA_10R_2LP10(1.0),19/02/24 23:00:00,Annual,Total - all NACE activities,Compensation of employees per hour worked,Euro,Bulgaria,2003,1.6,
ESTAT:NAMA_10R_2LP10(1.0),19/02/24 23:00:00,Annual,Total - all NACE activities,Compensation of employees per hour worked,Euro,Bulgaria,2004,1.7,
ESTAT:NAMA_10R_2LP10(1.0),19/02/24 23:00:00,Annual,Total - all NACE activities,Compensation of employees per hour worked,Euro,Bulgaria,2005,1.9,
ESTAT:NAMA_10R_2LP10(1.0),19/02/24 23:00:00,Annual,Total - all NACE activities,Compensation of employees per hour worked,Euro,Bulgaria,2006,2,
ESTAT:NAMA_10R_2LP10(1.0),19/02/24 23:00:00,Annual,Total - all NACE activities,Compensation of employees per hour worked,Euro,Bulgaria,2007,2.3,
ESTAT:NAMA_10R_2LP10(1.0),19/02/24 23:00:00,Annual,Total - all NACE activities,Compensation of employees per hour worked,Euro,Bulgaria,2008,2.6,
ESTAT:NAMA_10R_2LP10(1.0),19/02/24 23:00:00,Annual,Total - all NACE activities,Compensation of employees per hour worked,Euro,Bulgaria,2009,2.9,
ESTAT:NAMA_10R_2LP10(1.0),19/02/24 23:00:00,Annual,Total - all NACE activities,Compensation of employees per hour worked,Euro,Bulgaria,2010,3.2,
ESTAT:NAMA_10R_2LP10(1.0),19/02/24 23:00:00,Annual,Total - all NACE activities,Compensation of employees per hour worked,Euro,Bulgaria,2011,3.4,
ESTAT:NAMA_10R_2LP10(1.0),19/02/24 23:00:00,Annual,Total - all NACE activities,Compensation of employees per hour worked,Euro,Bulgaria,2012,3.7,
ESTAT:NAMA_10R_2LP10(1.0),19/02/24 23:00:00,Annual,Total - all NACE activities,Compensation of employees per hour worked,Euro,Bulgaria,2013,4,
ESTAT:NAMA_10R_2LP10(1.0),19/02/24 23:00:00,Annual,Total - all NACE activities,Compensation of employees per hour worked,Euro,Bulgaria,2014,4.2,
ESTAT:NAMA_10R_2LP10(1.0),19/02/24 23:00:00,Annual,Total - all NACE activities,Compensation of employees per hour worked,Euro,Bulgaria,2015,4.4,
ESTAT:NAMA_10R_2LP10(1.0),19/02/24 23:00:00,Annual,Total - all NACE activities,Compensation of employees per hour worked,Euro,Bulgaria,2016,4.7,
ESTAT:NAMA_10R_2LP10(1.0),19/02/24 23:00:00,Annual,Total - all NACE activities,Compensation of employees per hour worked,Euro,Bulgaria,2017,5.2,
ESTAT:NAMA_10R_2LP10(1.0),19/02/24 23:00:00,Annual,Total - all NACE activities,Compensation of employees per hour worked,Euro,Bulgaria,2018,5.7,
ESTAT:NAMA_10R_2LP10(1.0),19/02/24 23:00:00,Annual,Total - all NACE activities,Compensation of employees per hour worked,Euro,Bulgaria,2019,6.1,
ESTAT:NAMA_10R_2LP10(1.0),19/02/24 23:00:00,Annual,Total - all NACE activities,Compensation of employees per hour worked,Euro,Bulgaria,2020,6.7,
ESTAT:NAMA_10R_2LP10(1.0),19/02/24 23:00:00,Annual,Total - all NACE activities,Compensation of employees per hour worked,Euro,Bulgaria,2021,7.4,
ESTAT:NAMA_10R_2LP10(1.0),19/02/24 23:00:00,Annual,Total - all NACE activities,Compensation of employees per hour worked,Euro,Cyprus,2000,10.2,
ESTAT:NAMA_10R_2LP10(1.0),19/02/24 23:00:00,Annual,Total - all NACE activities,Compensation of employees per hour worked,Euro,Cyprus,2001,10.4,
ESTAT:NAMA_10R_2LP10(1.0),19/02/24 23:00:00,Annual,Total - all NACE activities,Compensation of employees per hour worked,Euro,Cyprus,2002,11,
ESTAT:NAMA_10R_2LP10(1.0),19/02/24 23:00:00,Annual,Total - all NACE activities,Compensation of employees per hour worked,Euro,Cyprus,2003,11.8,
ESTAT:NAMA_10R_2LP10(1.0),19/02/24 23:00:00,Annual,Total - all NACE activities,Compensation of employees per hour worked,Euro,Cyprus,2004,12.4,
ESTAT:NAMA_10R_2LP10(1.0),19/02/24 23:00:00,Annual,Total - all NACE activities,Compensation of employees per hour worked,Euro,Cyprus,2005,13.6,
ESTAT:NAMA_10R_2LP10(1.0),19/02/24 23:00:00,Annual,Total - all NACE activities,Compensation of employees per hour worked,Euro,Cyprus,2006,14.1,
ESTAT:NAMA_10R_2LP10(1.0),19/02/24 23:00:00,Annual,Total - all NACE activities,Compensation of employees per hour worked,Euro,Cyprus,2007,13.8,
ESTAT:NAMA_10R_2LP10(1.0),19/02/24 23:00:00,Annual,Total - all NACE activities,Compensation of employees per hour worked,Euro,Cyprus,2008,13.9,
ESTAT:NAMA_10R_2LP10(1.0),19/02/24 23:00:00,Annual,Total - all NACE activities,Compensation of employees per hour worked,Euro,Cyprus,2009,14.8,
ESTAT:NAMA_10R_2LP10(1.0),19/02/24 23:00:00,Annual,Total - all NACE activities,Compensation of employees per hour worked,Euro,Cyprus,2010,14.8,
ESTAT:NAMA_10R_2LP10(1.0),19/02/24 23:00:00,Annual,Total - all NACE activities,Compensation of employees per hour worked,Euro,Cyprus,2011,15.1,
ESTAT:NAMA_10R_2LP10(1.0),19/02/24 23:00:00,Annual,Total - all NACE activities,Compensation of employees per hour worked,Euro,Cyprus,2012,15.3,
ESTAT:NAMA_10R_2LP10(1.0),19/02/24 23:00:00,Annual,Total - all NACE activities,Compensation of employees per hour worked,Euro,Cyprus,2013,14.8,
ESTAT:NAMA_10R_2LP10(1.0),19/02/24 23:00:00,Annual,Total - all NACE activities,Compensation of employees per hour worked,Euro,Cyprus,2014,14.3,
ESTAT:NAMA_10R_2LP10(1.0),19/02/24 23:00:00,Annual,Total - all NACE activities,Compensation of employees per hour worked,Euro,Cyprus,2015,14,
ESTAT:NAMA_10R_2LP10(1.0),19/02/24 23:00:00,Annual,Total - all NACE activities,Compensation of employees per hour worked,Euro,Cyprus,2016,13.7,
ESTAT:NAMA_10R_2LP10(1.0),19/02/24 23:00:00,Annual,Total - all NACE activities,Compensation of employees per hour worked,Euro,Cyprus,2017,14,
ESTAT:NAMA_10R_2LP10(1.0),19/02/24 23:00:00,Annual,Total - all NACE activities,Compensation of employees per hour worked,Euro,Cyprus,2018,14.3,
ESTAT:NAMA_10R_2LP10(1.0),19/02/24 23:00:00,Annual,Total - all NACE activities,Compensation of employees per hour worked,Euro,Cyprus,2019,14.8,
ESTAT:NAMA_10R_2LP10(1.0),19/02/24 23:00:00,Annual,Total - all NACE activities,Compensation of employees per hour worked,Euro,Cyprus,2020,15.5,
ESTAT:NAMA_10R_2LP10(1.0),19/02/24 23:00:00,Annual,Total - all NACE activities,Compensation of employees per hour worked,Euro,Cyprus,2021,15.4,
ESTAT:NAMA_10R_2LP10(1.0),19/02/24 23:00:00,Annual,Total - all NACE activities,Compensation of employees per hour worked,Euro,Cyprus,2022,15.4,p
ESTAT:NAMA_10R_2LP10(1.0),19/02/24 23:00:00,Annual,Total - all NACE activities,Compensation of employees per hour worked,Euro,Czechia,1995,2.3,
ESTAT:NAMA_10R_2LP10(1.0),19/02/24 23:00:00,Annual,Total - all NACE activities,Compensation of employees per hour worked,Euro,Czechia,1996,2.7,
ESTAT:NAMA_10R_2LP10(1.0),19/02/24 23:00:00,Annual,Total - all NACE activities,Compensation of employees per hour worked,Euro,Czechia,1997,2.9,
ESTAT:NAMA_10R_2LP10(1.0),19/02/24 23:00:00,Annual,Total - all NACE activities,Compensation of employees per hour worked,Euro,Czechia,1998,3.1,
ESTAT:NAMA_10R_2LP10(1.0),19/02/24 23:00:00,Annual,Total - all NACE activities,Compensation of employees per hour worked,Euro,Czechia,1999,3.2,
ESTAT:NAMA_10R_2LP10(1.0),19/02/24 23:00:00,Annual,Total - all NACE activities,Compensation of employees per hour worked,Euro,Czechia,2000,3.5,
ESTAT:NAMA_10R_2LP10(1.0),19/02/24 23:00:00,Annual,Total - all NACE activities,Compensation of employees per hour worked,Euro,Czechia,2001,4.2,
ESTAT:NAMA_10R_2LP10(1.0),19/02/24 23:00:00,Annual,Total - all NACE activities,Compensation of employees per hour worked,Euro,Czechia,2002,5,
ESTAT:NAMA_10R_2LP10(1.0),19/02/24 23:00:00,Annual,Total - all NACE activities,Compensation of employees per hour worked,Euro,Czechia,2003,5.3,
ESTAT:NAMA_10R_2LP10(1.0),19/02/24 23:00:00,Annual,Total - all NACE activities,Compensation of employees per hour worked,Euro,Czechia,2004,5.6,
ESTAT:NAMA_10R_2LP10(1.0),19/02/24 23:00:00,Annual,Total - all NACE activities,Compensation of employees per hour worked,Euro,Czechia,2005,6.2,
ESTAT:NAMA_10R_2LP10(1.0),19/02/24 23:00:00,Annual,Total - all NACE activities,Compensation of employees per hour worked,Euro,Czechia,2006,7,
ESTAT:NAMA_10R_2LP10(1.0),19/02/24 23:00:00,Annual,Total - all NACE activities,Compensation of employees per hour worked,Euro,Czechia,2007,7.6,
ESTAT:NAMA_10R_2LP10(1.0),19/02/24 23:00:00,Annual,Total - all NACE activities,Compensation of employees per hour worked,Euro,Czechia,2008,8.8,
ESTAT:NAMA_10R_2LP10(1.0),19/02/24 23:00:00,Annual,Total - all NACE activities,Compensation of employees per hour worked,Euro,Czechia,2009,8.2,
ESTAT:NAMA_10R_2LP10(1.0),19/02/24 23:00:00,Annual,Total - all NACE activities,Compensation of employees per hour worked,Euro,Czechia,2010,8.8,
ESTAT:NAMA_10R_2LP10(1.0),19/02/24 23:00:00,Annual,Total - all NACE activities,Compensation of employees per hour worked,Euro,Czechia,2011,9.3,
ESTAT:NAMA_10R_2LP10(1.0),19/02/24 23:00:00,Annual,Total - all NACE activities,Compensation of employees per hour worked,Euro,Czechia,2012,9.3,
ESTAT:NAMA_10R_2LP10(1.0),19/02/24 23:00:00,Annual,Total - all NACE activities,Compensation of employees per hour worked,Euro,Czechia,2013,9,
ESTAT:NAMA_10R_2LP10(1.0),19/02/24 23:00:00,Annual,Total - all NACE activities,Compensation of employees per hour worked,Euro,Czechia,2014,8.7,
ESTAT:NAMA_10R_2LP10(1.0),19/02/24 23:00:00,Annual,Total - all NACE activities,Compensation of employees per hour worked,Euro,Czechia,2015,9.2,
ESTAT:NAMA_10R_2LP10(1.0),19/02/24 23:00:00,Annual,Total - all NACE activities,Compensation of employees per hour worked,Euro,Czechia,2016,9.5,
ESTAT:NAMA_10R_2LP10(1.0),19/02/24 23:00:00,Annual,Total - all NACE activities,Compensation of employees per hour worked,Euro,Czechia,2017,10.5,
ESTAT:NAMA_10R_2LP10(1.0),19/02/24 23:00:00,Annual,Total - all NACE activities,Compensation of employees per hour worked,Euro,Czechia,2018,11.6,
ESTAT:NAMA_10R_2LP10(1.0),19/02/24 23:00:00,Annual,Total - all NACE activities,Compensation of employees per hour worked,Euro,Czechia,2019,12.3,
ESTAT:NAMA_10R_2LP10(1.0),19/02/24 23:00:00,Annual,Total - all NACE activities,Compensation of employees per hour worked,Euro,Czechia,2020,13.1,
ESTAT:NAMA_10R_2LP10(1.0),19/02/24 23:00:00,Annual,Total - all NACE activities,Compensation of employees per hour worked,Euro,Czechia,2021,13.8,
ESTAT:NAMA_10R_2LP10(1.0),19/02/24 23:00:00,Annual,Total - all NACE activities,Compensation of employees per hour worked,Euro,Czechia,2022,14.9,
ESTAT:NAMA_10R_2LP10(1.0),19/02/24 23:00:00,Annual,Total - all NACE activities,Compensation of employees per hour worked,Euro,Germany,2000,22.6,
ESTAT:NAMA_10R_2LP10(1.0),19/02/24 23:00:00,Annual,Total - all NACE activities,Compensation of employees per hour worked,Euro,Germany,2001,23.2,
ESTAT:NAMA_10R_2LP10(1.0),19/02/24 23:00:00,Annual,Total - all NACE activities,Compensation of employees per hour worked,Euro,Germany,2002,23.6,
ESTAT:NAMA_10R_2LP10(1.0),19/02/24 23:00:00,Annual,Total - all NACE activities,Compensation of employees per hour worked,Euro,Germany,2003,24.1,
ESTAT:NAMA_10R_2LP10(1.0),19/02/24 23:00:00,Annual,Total - all NACE activities,Compensation of employees per hour worked,Euro,Germany,2004,24.2,
ESTAT:NAMA_10R_2LP10(1.0),19/02/24 23:00:00,Annual,Total - all NACE activities,Compensation of employees per hour worked,Euro,Germany,2005,24.4,
ESTAT:NAMA_10R_2LP10(1.0),19/02/24 23:00:00,Annual,Total - all NACE activities,Compensation of employees per hour worked,Euro,Germany,2006,24.2,
ESTAT:NAMA_10R_2LP10(1.0),19/02/24 23:00:00,Annual,Total - all NACE activities,Compensation of employees per hour worked,Euro,Germany,2007,24.4,
ESTAT:NAMA_10R_2LP10(1.0),19/02/24 23:00:00,Annual,Total - all NACE activities,Compensation of employees per hour worked,Euro,Germany,2008,25.1,
ESTAT:NAMA_10R_2LP10(1.0),19/02/24 23:00:00,Annual,Total - all NACE activities,Compensation of employees per hour worked,Euro,Germany,2009,26,
ESTAT:NAMA_10R_2LP10(1.0),19/02/24 23:00:00,Annual,Total - all NACE activities,Compensation of employees per hour worked,Euro,Germany,2010,26.2,
ESTAT:NAMA_10R_2LP10(1.0),19/02/24 23:00:00,Annual,Total - all NACE activities,Compensation of employees per hour worked,Euro,Germany,2011,26.9,
ESTAT:NAMA_10R_2LP10(1.0),19/02/24 23:00:00,Annual,Total - all NACE activities,Compensation of employees per hour worked,Euro,Germany,2012,28,
ESTAT:NAMA_10R_2LP10(1.0),19/02/24 23:00:00,Annual,Total - all NACE activities,Compensation of employees per hour worked,Euro,Germany,2013,28.8,
ESTAT:NAMA_10R_2LP10(1.0),19/02/24 23:00:00,Annual,Total - all NACE activities,Compensation of employees per hour worked,Euro,Germany,2014,29.4,
ESTAT:NAMA_10R_2LP10(1.0),19/02/24 23:00:00,Annual,Total - all NACE activities,Compensation of employees per hour worked,Euro,Germany,2015,30.2,
ESTAT:NAMA_10R_2LP10(1.0),19/02/24 23:00:00,Annual,Total - all NACE activities,Compensation of employees per hour worked,Euro,Germany,2016,30.9,
ESTAT:NAMA_10R_2LP10(1.0),19/02/24 23:00:00,Annual,Total - all NACE activities,Compensation of employees per hour worked,Euro,Germany,2017,31.8,
ESTAT:NAMA_10R_2LP10(1.0),19/02/24 23:00:00,Annual,Total - all NACE activities,Compensation of employees per hour worked,Euro,Germany,2018,32.9,
ESTAT:NAMA_10R_2LP10(1.0),19/02/24 23:00:00,Annual,Total - all NACE activities,Compensation of employees per hour worked,Euro,Germany,2019,34.1,p
ESTAT:NAMA_10R_2LP10(1.0),19/02/24 23:00:00,Annual,Total - all NACE activities,Compensation of employees per hour worked,Euro,Germany,2020,35.6,p
ESTAT:NAMA_10R_2LP10(1.0),19/02/24 23:00:00,Annual,Total - all NACE activities,Compensation of employees per hour worked,Euro,Germany,2021,35.8,p
ESTAT:NAMA_10R_2LP10(1.0),19/02/24 23:00:00,Annual,Total - all NACE activities,Compensation of employees per hour worked,Euro,Denmark,2000,24.5,
ESTAT:NAMA_10R_2LP10(1.0),19/02/24 23:00:00,Annual,Total - all NACE activities,Compensation of employees per hour worked,Euro,Denmark,2001,25.4,
ESTAT:NAMA_10R_2LP10(1.0),19/02/24 23:00:00,Annual,Total - all NACE activities,Compensation of employees per hour worked,Euro,Denmark,2002,26.6,
ESTAT:NAMA_10R_2LP10(1.0),19/02/24 23:00:00,Annual,Total - all NACE activities,Compensation of employees per hour worked,Euro,Denmark,2003,27.6,
ESTAT:NAMA_10R_2LP10(1.0),19/02/24 23:00:00,Annual,Total - all NACE activities,Compensation of employees per hour worked,Euro,Denmark,2004,28.5,
ESTAT:NAMA_10R_2LP10(1.0),19/02/24 23:00:00,Annual,Total - all NACE activities,Compensation of employees per hour worked,Euro,Denmark,2005,29.4,
ESTAT:NAMA_10R_2LP10(1.0),19/02/24 23:00:00,Annual,Total - all NACE activities,Compensation of employees per hour worked,Euro,Denmark,2006,30.3,
ESTAT:NAMA_10R_2LP10(1.0),19/02/24 23:00:00,Annual,Total - all NACE activities,Compensation of employees per hour worked,Euro,Denmark,2007,31.8,
ESTAT:NAMA_10R_2LP10(1.0),19/02/24 23:00:00,Annual,Total - all NACE activities,Compensation of employees per hour worked,Euro,Denmark,2008,33,
ESTAT:NAMA_10R_2LP10(1.0),19/02/24 23:00:00,Annual,Total - all NACE activities,Compensation of employees per hour worked,Euro,Denmark,2009,34.2,
ESTAT:NAMA_10R_2LP10(1.0),19/02/24 23:00:00,Annual,Total - all NACE activities,Compensation of employees per hour worked,Euro,Denmark,2010,35.2,
ESTAT:NAMA_10R_2LP10(1.0),19/02/24 23:00:00,Annual,Total - all NACE activities,Compensation of employees per hour worked,Euro,Denmark,2011,35.3,
ESTAT:NAMA_10R_2LP10(1.0),19/02/24 23:00:00,Annual,Total - all NACE activities,Compensation of employees per hour worked,Euro,Denmark,2012,36.3,
ESTAT:NAMA_10R_2LP10(1.0),19/02/24 23:00:00,Annual,Total - all NACE activities,Compensation of employees per hour worked,Euro,Denmark,2013,36.7,
ESTAT:NAMA_10R_2LP10(1.0),19/02/24 23:00:00,Annual,Total - all NACE activities,Compensation of employees per hour worked,Euro,Denmark,2014,37.6,
ESTAT:NAMA_10R_2LP10(1.0),19/02/24 23:00:00,Annual,Total - all NACE activities,Compensation of employees per hour worked,Euro,Denmark,2015,38.5,
ESTAT:NAMA_10R_2LP10(1.0),19/02/24 23:00:00,Annual,Total - all NACE activities,Compensation of employees per hour worked,Euro,Denmark,2016,38.8,
ESTAT:NAMA_10R_2LP10(1.0),19/02/24 23:00:00,Annual,Total - all NACE activities,Compensation of employees per hour worked,Euro,Denmark,2017,39.7,
ESTAT:NAMA_10R_2LP10(1.0),19/02/24 23:00:00,Annual,Total - all NACE activities,Compensation of employees per hour worked,Euro,Denmark,2018,40.9,
ESTAT:NAMA_10R_2LP10(1.0),19/02/24 23:00:00,Annual,Total - all NACE activities,Compensation of employees per hour worked,Euro,Denmark,2019,41.7,
ESTAT:NAMA_10R_2LP10(1.0),19/02/24 23:00:00,Annual,Total - all NACE activities,Compensation of employees per hour worked,Euro,Denmark,2020,43.7,
ESTAT:NAMA_10R_2LP10(1.0),19/02/24 23:00:00,Annual,Total - all NACE activities,Compensation of employees per hour worked,Euro,Denmark,2021,43.8,
ESTAT:NAMA_10R_2LP10(1.0),19/02/24 23:00:00,Annual,Total - all NACE activities,Compensation of employees per hour worked,Euro,Denmark,2022,45,
ESTAT:NAMA_10R_2LP10(1.0),19/02/24 23:00:00,Annual,Total - all NACE activities,Compensation of employees per hour worked,Euro,Estonia,2000,2.7,
ESTAT:NAMA_10R_2LP10(1.0),19/02/24 23:00:00,Annual,Total - all NACE activities,Compensation of employees per hour worked,Euro,Estonia,2001,3,
ESTAT:NAMA_10R_2LP10(1.0),19/02/24 23:00:00,Annual,Total - all NACE activities,Compensation of employees per hour worked,Euro,Estonia,2002,3.3,
ESTAT:NAMA_10R_2LP10(1.0),19/02/24 23:00:00,Annual,Total - all NACE activities,Compensation of employees per hour worked,Euro,Estonia,2003,3.6,
ESTAT:NAMA_10R_2LP10(1.0),19/02/24 23:00:00,Annual,Total - all NACE activities,Compensation of employees per hour worked,Euro,Estonia,2004,4,
ESTAT:NAMA_10R_2LP10(1.0),19/02/24 23:00:00,Annual,Total - all NACE activities,Compensation of employees per hour worked,Euro,Estonia,2005,4.4,
ESTAT:NAMA_10R_2LP10(1.0),19/02/24 23:00:00,Annual,Total - all NACE activities,Compensation of employees per hour worked,Euro,Estonia,2006,5,
ESTAT:NAMA_10R_2LP10(1.0),19/02/24 23:00:00,Annual,Total - all NACE activities,Compensation of employees per hour worked,Euro,Estonia,2007,6.3,
ESTAT:NAMA_10R_2LP10(1.0),19/02/24 23:00:00,Annual,Total - all NACE activities,Compensation of employees per hour worked,Euro,Estonia,2008,7.1,
ESTAT:NAMA_10R_2LP10(1.0),19/02/24 23:00:00,Annual,Total - all NACE activities,Compensation of employees per hour worked,Euro,Estonia,2009,7.3,
ESTAT:NAMA_10R_2LP10(1.0),19/02/24 23:00:00,Annual,Total - all NACE activities,Compensation of employees per hour worked,Euro,Estonia,2010,7.3,
ESTAT:NAMA_10R_2LP10(1.0),19/02/24 23:00:00,Annual,Total - all NACE activities,Compensation of employees per hour worked,Euro,Estonia,2011,7.3,
ESTAT:NAMA_10R_2LP10(1.0),19/02/24 23:00:00,Annual,Total - all NACE activities,Compensation of employees per hour worked,Euro,Estonia,2012,7.9,
ESTAT:NAMA_10R_2LP10(1.0),19/02/24 23:00:00,Annual,Total - all NACE activities,Compensation of employees per hour worked,Euro,Estonia,2013,8.4,
ESTAT:NAMA_10R_2LP10(1.0),19/02/24 23:00:00,Annual,Total - all NACE activities,Compensation of employees per hour worked,Euro,Estonia,2014,9,
ESTAT:NAMA_10R_2LP10(1.0),19/02/24 23:00:00,Annual,Total - all NACE activities,Compensation of employees per hour worked,Euro,Estonia,2015,9.3,
ESTAT:NAMA_10R_2LP10(1.0),19/02/24 23:00:00,Annual,Total - all NACE activities,Compensation of employees per hour worked,Euro,Estonia,2016,9.9,
ESTAT:NAMA_10R_2LP10(1.0),19/02/24 23:00:00,Annual,Total - all NACE activities,Compensation of employees per hour worked,Euro,Estonia,2017,10.6,
ESTAT:NAMA_10R_2LP10(1.0),19/02/24 23:00:00,Annual,Total - all NACE activities,Compensation of employees per hour worked,Euro,Estonia,2018,12.1,
ESTAT:NAMA_10R_2LP10(1.0),19/02/24 23:00:00,Annual,Total - all NACE activities,Compensation of employees per hour worked,Euro,Estonia,2019,13.1,
ESTAT:NAMA_10R_2LP10(1.0),19/02/24 23:00:00,Annual,Total - all NACE activities,Compensation of employees per hour worked,Euro,Estonia,2020,14.1,
ESTAT:NAMA_10R_2LP10(1.0),19/02/24 23:00:00,Annual,Total - all NACE activities,Compensation of employees per hour worked,Euro,Estonia,2021,14.1,
ESTAT:NAMA_10R_2LP10(1.0),19/02/24 23:00:00,Annual,Total - all NACE activities,Compensation of employees per hour worked,Euro,Estonia,2022,15.2,
ESTAT:NAMA_10R_2LP10(1.0),19/02/24 23:00:00,Annual,Total - all NACE activities,Compensation of employees per hour worked,Euro,Greece,2000,8.3,
ESTAT:NAMA_10R_2LP10(1.0),19/02/24 23:00:00,Annual,Total - all NACE activities,Compensation of employees per hour worked,Euro,Greece,2001,8.6,
ESTAT:NAMA_10R_2LP10(1.0),19/02/24 23:00:00,Annual,Total - all NACE activities,Compensation of employees per hour worked,Euro,Greece,2002,9.6,
ESTAT:NAMA_10R_2LP10(1.0),19/02/24 23:00:00,Annual,Total - all NACE activities,Compensation of employees per hour worked,Euro,Greece,2003,10.3,
ESTAT:NAMA_10R_2LP10(1.0),19/02/24 23:00:00,Annual,Total - all NACE activities,Compensation of employees per hour worked,Euro,Greece,2004,10.8,
ESTAT:NAMA_10R_2LP10(1.0),19/02/24 23:00:00,Annual,Total - all NACE activities,Compensation of employees per hour worked,Euro,Greece,2005,11.2,
ESTAT:NAMA_10R_2LP10(1.0),19/02/24 23:00:00,Annual,Total - all NACE activities,Compensation of employees per hour worked,Euro,Greece,2006,11.6,
ESTAT:NAMA_10R_2LP10(1.0),19/02/24 23:00:00,Annual,Total - all NACE activities,Compensation of employees per hour worked,Euro,Greece,2007,12.1,
ESTAT:NAMA_10R_2LP10(1.0),19/02/24 23:00:00,Annual,Total - all NACE activities,Compensation of employees per hour worked,Euro,Greece,2008,12.6,
ESTAT:NAMA_10R_2LP10(1.0),19/02/24 23:00:00,Annual,Total - all NACE activities,Compensation of employees per hour worked,Euro,Greece,2009,13.1,
ESTAT:NAMA_10R_2LP10(1.0),19/02/24 23:00:00,Annual,Total - all NACE activities,Compensation of employees per hour worked,Euro,Greece,2010,13.3,b
ESTAT:NAMA_10R_2LP10(1.0),19/02/24 23:00:00,Annual,Total - all NACE activities,Compensation of employees per hour worked,Euro,Greece,2011,12.8,
ESTAT:NAMA_10R_2LP10(1.0),19/02/24 23:00:00,Annual,Total - all NACE activities,Compensation of employees per hour worked,Euro,Greece,2012,12.2,
ESTAT:NAMA_10R_2LP10(1.0),19/02/24 23:00:00,Annual,Total - all NACE activities,Compensation of employees per hour worked,Euro,Greece,2013,11.2,
ESTAT:NAMA_10R_2LP10(1.0),19/02/24 23:00:00,Annual,Total - all NACE activities,Compensation of employees per hour worked,Euro,Greece,2014,10.9,
ESTAT:NAMA_10R_2LP10(1.0),19/02/24 23:00:00,Annual,Total - all NACE activities,Compensation of employees per hour worked,Euro,Greece,2015,10.8,
ESTAT:NAMA_10R_2LP10(1.0),19/02/24 23:00:00,Annual,Total - all NACE activities,Compensation of employees per hour worked,Euro,Greece,2016,10.3,
ESTAT:NAMA_10R_2LP10(1.0),19/02/24 23:00:00,Annual,Total - all NACE activities,Compensation of employees per hour worked,Euro,Greece,2017,10.5,
ESTAT:NAMA_10R_2LP10(1.0),19/02/24 23:00:00,Annual,Total - all NACE activities,Compensation of employees per hour worked,Euro,Greece,2018,10,
ESTAT:NAMA_10R_2LP10(1.0),19/02/24 23:00:00,Annual,Total - all NACE activities,Compensation of employees per hour worked,Euro,Greece,2019,10.2,
ESTAT:NAMA_10R_2LP10(1.0),19/02/24 23:00:00,Annual,Total - all NACE activities,Compensation of employees per hour worked,Euro,Greece,2020,11.2,
ESTAT:NAMA_10R_2LP10(1.0),19/02/24 23:00:00,Annual,Total - all NACE activities,Compensation of employees per hour worked,Euro,Greece,2021,10.9,
ESTAT:NAMA_10R_2LP10(1.0),19/02/24 23:00:00,Annual,Total - all NACE activities,Compensation of employees per hour worked,Euro,Spain,2000,13.4,
ESTAT:NAMA_10R_2LP10(1.0),19/02/24 23:00:00,Annual,Total - all NACE activities,Compensation of employees per hour worked,Euro,Spain,2001,13.7,
ESTAT:NAMA_10R_2LP10(1.0),19/02/24 23:00:00,Annual,Total - all NACE activities,Compensation of employees per hour worked,Euro,Spain,2002,14.1,
ESTAT:NAMA_10R_2LP10(1.0),19/02/24 23:00:00,Annual,Total - all NACE activities,Compensation of employees per hour worked,Euro,Spain,2003,14.5,
ESTAT:NAMA_10R_2LP10(1.0),19/02/24 23:00:00,Annual,Total - all NACE activities,Compensation of employees per hour worked,Euro,Spain,2004,15,
ESTAT:NAMA_10R_2LP10(1.0),19/02/24 23:00:00,Annual,Total - all NACE activities,Compensation of employees per hour worked,Euro,Spain,2005,15.5,
ESTAT:NAMA_10R_2LP10(1.0),19/02/24 23:00:00,Annual,Total - all NACE activities,Compensation of employees per hour worked,Euro,Spain,2006,16.2,
ESTAT:NAMA_10R_2LP10(1.0),19/02/24 23:00:00,Annual,Total - all NACE activities,Compensation of employees per hour worked,Euro,Spain,2007,17,
ESTAT:NAMA_10R_2LP10(1.0),19/02/24 23:00:00,Annual,Total - all NACE activities,Compensation of employees per hour worked,Euro,Spain,2008,18.1,
ESTAT:NAMA_10R_2LP10(1.0),19/02/24 23:00:00,Annual,Total - all NACE activities,Compensation of employees per hour worked,Euro,Spain,2009,18.8,
ESTAT:NAMA_10R_2LP10(1.0),19/02/24 23:00:00,Annual,Total - all NACE activities,Compensation of employees per hour worked,Euro,Spain,2010,19.1,
ESTAT:NAMA_10R_2LP10(1.0),19/02/24 23:00:00,Annual,Total - all NACE activities,Compensation of employees per hour worked,Euro,Spain,2011,19.1,
ESTAT:NAMA_10R_2LP10(1.0),19/02/24 23:00:00,Annual,Total - all NACE activities,Compensation of employees per hour worked,Euro,Spain,2012,19.1,
ESTAT:NAMA_10R_2LP10(1.0),19/02/24 23:00:00,Annual,Total - all NACE activities,Compensation of employees per hour worked,Euro,Spain,2013,19.3,
ESTAT:NAMA_10R_2LP10(1.0),19/02/24 23:00:00,Annual,Total - all NACE activities,Compensation of employees per hour worked,Euro,Spain,2014,19.3,
ESTAT:NAMA_10R_2LP10(1.0),19/02/24 23:00:00,Annual,Total - all NACE activities,Compensation of employees per hour worked,Euro,Spain,2015,19.4,
ESTAT:NAMA_10R_2LP10(1.0),19/02/24 23:00:00,Annual,Total - all NACE activities,Compensation of employees per hour worked,Euro,Spain,2016,19.4,
ESTAT:NAMA_10R_2LP10(1.0),19/02/24 23:00:00,Annual,Total - all NACE activities,Compensation of employees per hour worked,Euro,Spain,2017,19.6,
ESTAT:NAMA_10R_2LP10(1.0),19/02/24 23:00:00,Annual,Total - all NACE activities,Compensation of employees per hour worked,Euro,Spain,2018,19.9,
ESTAT:NAMA_10R_2LP10(1.0),19/02/24 23:00:00,Annual,Total - all NACE activities,Compensation of employees per hour worked,Euro,Spain,2019,20.8,
ESTAT:NAMA_10R_2LP10(1.0),19/02/24 23:00:00,Annual,Total - all NACE activities,Compensation of employees per hour worked,Euro,Spain,2020,22.3,
ESTAT:NAMA_10R_2LP10(1.0),19/02/24 23:00:00,Annual,Total - all NACE activities,Compensation of employees per hour worked,Euro,Spain,2021,22.4,p
ESTAT:NAMA_10R_2LP10(1.0),19/02/24 23:00:00,Annual,Total - all NACE activities,Compensation of employees per hour worked,Euro,Spain,2022,23.1,p
ESTAT:NAMA_10R_2LP10(1.0),19/02/24 23:00:00,Annual,Total - all NACE activities,Compensation of employees per hour worked,Euro,Finland,2000,19.4,
ESTAT:NAMA_10R_2LP10(1.0),19/02/24 23:00:00,Annual,Total - all NACE activities,Compensation of employees per hour worked,Euro,Finland,2001,20.2,
ESTAT:NAMA_10R_2LP10(1.0),19/02/24 23:00:00,Annual,Total - all NACE activities,Compensation of employees per hour worked,Euro,Finland,2002,20.6,
ESTAT:NAMA_10R_2LP10(1.0),19/02/24 23:00:00,Annual,Total - all NACE activities,Compensation of employees per hour worked,Euro,Finland,2003,21.1,
ESTAT:NAMA_10R_2LP10(1.0),19/02/24 23:00:00,Annual,Total - all NACE activities,Compensation of employees per hour worked,Euro,Finland,2004,21.8,
ESTAT:NAMA_10R_2LP10(1.0),19/02/24 23:00:00,Annual,Total - all NACE activities,Compensation of employees per hour worked,Euro,Finland,2005,22.7,
ESTAT:NAMA_10R_2LP10(1.0),19/02/24 23:00:00,Annual,Total - all NACE activities,Compensation of employees per hour worked,Euro,Finland,2006,23.5,
ESTAT:NAMA_10R_2LP10(1.0),19/02/24 23:00:00,Annual,Total - all NACE activities,Compensation of employees per hour worked,Euro,Finland,2007,24.3,
ESTAT:NAMA_10R_2LP10(1.0),19/02/24 23:00:00,Annual,Total - all NACE activities,Compensation of employees per hour worked,Euro,Finland,2008,25.4,
ESTAT:NAMA_10R_2LP10(1.0),19/02/24 23:00:00,Annual,Total - all NACE activities,Compensation of employees per hour worked,Euro,Finland,2009,26.3,
ESTAT:NAMA_10R_2LP10(1.0),19/02/24 23:00:00,Annual,Total - all NACE activities,Compensation of employees per hour worked,Euro,Finland,2010,26.7,
ESTAT:NAMA_10R_2LP10(1.0),19/02/24 23:00:00,Annual,Total - all NACE activities,Compensation of employees per hour worked,Euro,Finland,2011,27.6,
ESTAT:NAMA_10R_2LP10(1.0),19/02/24 23:00:00,Annual,Total - all NACE activities,Compensation of employees per hour worked,Euro,Finland,2012,28.5,
ESTAT:NAMA_10R_2LP10(1.0),19/02/24 23:00:00,Annual,Total - all NACE activities,Compensation of employees per hour worked,Euro,Finland,2013,29,
ESTAT:NAMA_10R_2LP10(1.0),19/02/24 23:00:00,Annual,Total - all NACE activities,Compensation of employees per hour worked,Euro,Finland,2014,29.3,
ESTAT:NAMA_10R_2LP10(1.0),19/02/24 23:00:00,Annual,Total - all NACE activities,Compensation of employees per hour worked,Euro,Finland,2015,29.8,
ESTAT:NAMA_10R_2LP10(1.0),19/02/24 23:00:00,Annual,Total - all NACE activities,Compensation of employees per hour worked,Euro,Finland,2016,30,
ESTAT:NAMA_10R_2LP10(1.0),19/02/24 23:00:00,Annual,Total - all NACE activities,Compensation of employees per hour worked,Euro,Finland,2017,29.8,
ESTAT:NAMA_10R_2LP10(1.0),19/02/24 23:00:00,Annual,Total - all NACE activities,Compensation of employees per hour worked,Euro,Finland,2018,30.2,
ESTAT:NAMA_10R_2LP10(1.0),19/02/24 23:00:00,Annual,Total - all NACE activities,Compensation of employees per hour worked,Euro,Finland,2019,30.8,
ESTAT:NAMA_10R_2LP10(1.0),19/02/24 23:00:00,Annual,Total - all NACE activities,Compensation of employees per hour worked,Euro,Finland,2020,31.1,
ESTAT:NAMA_10R_2LP10(1.0),19/02/24 23:00:00,Annual,Total - all NACE activities,Compensation of employees per hour worked,Euro,Finland,2021,32.5,
ESTAT:NAMA_10R_2LP10(1.0),19/02/24 23:00:00,Annual,Total - all NACE activities,Compensation of employees per hour worked,Euro,France,2000,22.4,
ESTAT:NAMA_10R_2LP10(1.0),19/02/24 23:00:00,Annual,Total - all NACE activities,Compensation of employees per hour worked,Euro,France,2001,23.2,
ESTAT:NAMA_10R_2LP10(1.0),19/02/24 23:00:00,Annual,Total - all NACE activities,Compensation of employees per hour worked,Euro,France,2002,24.6,
ESTAT:NAMA_10R_2LP10(1.0),19/02/24 23:00:00,Annual,Total - all NACE activities,Compensation of employees per hour worked,Euro,France,2003,25.2,
ESTAT:NAMA_10R_2LP10(1.0),19/02/24 23:00:00,Annual,Total - all NACE activities,Compensation of employees per hour worked,Euro,France,2004,25.7,
ESTAT:NAMA_10R_2LP10(1.0),19/02/24 23:00:00,Annual,Total - all NACE activities,Compensation of employees per hour worked,Euro,France,2005,26.4,
ESTAT:NAMA_10R_2LP10(1.0),19/02/24 23:00:00,Annual,Total - all NACE activities,Compensation of employees per hour worked,Euro,France,2006,27.5,
ESTAT:NAMA_10R_2LP10(1.0),19/02/24 23:00:00,Annual,Total - all NACE activities,Compensation of employees per hour worked,Euro,France,2007,27.8,
ESTAT:NAMA_10R_2LP10(1.0),19/02/24 23:00:00,Annual,Total - all NACE activities,Compensation of employees per hour worked,Euro,France,2008,28.3,
ESTAT:NAMA_10R_2LP10(1.0),19/02/24 23:00:00,Annual,Total - all NACE activities,Compensation of employees per hour worked,Euro,France,2009,29.1,
ESTAT:NAMA_10R_2LP10(1.0),19/02/24 23:00:00,Annual,Total - all NACE activities,Compensation of employees per hour worked,Euro,France,2010,29.7,
ESTAT:NAMA_10R_2LP10(1.0),19/02/24 23:00:00,Annual,Total - all NACE activities,Compensation of employees per hour worked,Euro,France,2011,30.3,
ESTAT:NAMA_10R_2LP10(1.0),19/02/24 23:00:00,Annual,Total - all NACE activities,Compensation of employees per hour worked,Euro,France,2012,31,
ESTAT:NAMA_10R_2LP10(1.0),19/02/24 23:00:00,Annual,Total - all NACE activities,Compensation of employees per hour worked,Euro,France,2013,31.9,
ESTAT:NAMA_10R_2LP10(1.0),19/02/24 23:00:00,Annual,Total - all NACE activities,Compensation of employees per hour worked,Euro,France,2014,32.4,
ESTAT:NAMA_10R_2LP10(1.0),19/02/24 23:00:00,Annual,Total - all NACE activities,Compensation of employees per hour worked,Euro,France,2015,32.7,
ESTAT:NAMA_10R_2LP10(1.0),19/02/24 23:00:00,Annual,Total - all NACE activities,Compensation of employees per hour worked,Euro,France,2016,33,
ESTAT:NAMA_10R_2LP10(1.0),19/02/24 23:00:00,Annual,Total - all NACE activities,Compensation of employees per hour worked,Euro,France,2017,33.9,
ESTAT:NAMA_10R_2LP10(1.0),19/02/24 23:00:00,Annual,Total - all NACE activities,Compensation of employees per hour worked,Euro,France,2018,34.3,
ESTAT:NAMA_10R_2LP10(1.0),19/02/24 23:00:00,Annual,Total - all NACE activities,Compensation of employees per hour worked,Euro,France,2019,34.1,
ESTAT:NAMA_10R_2LP10(1.0),19/02/24 23:00:00,Annual,Total - all NACE activities,Compensation of employees per hour worked,Euro,France,2020,35.7,
ESTAT:NAMA_10R_2LP10(1.0),19/02/24 23:00:00,Annual,Total - all NACE activities,Compensation of employees per hour worked,Euro,France,2021,35.4,
ESTAT:NAMA_10R_2LP10(1.0),19/02/24 23:00:00,Annual,Total - all NACE activities,Compensation of employees per hour worked,Euro,Croatia,2000,5.3,
ESTAT:NAMA_10R_2LP10(1.0),19/02/24 23:00:00,Annual,Total - all NACE activities,Compensation of employees per hour worked,Euro,Croatia,2001,5.5,
ESTAT:NAMA_10R_2LP10(1.0),19/02/24 23:00:00,Annual,Total - all NACE activities,Compensation of employees per hour worked,Euro,Croatia,2002,6.1,
ESTAT:NAMA_10R_2LP10(1.0),19/02/24 23:00:00,Annual,Total - all NACE activities,Compensation of employees per hour worked,Euro,Croatia,2003,6.5,
ESTAT:NAMA_10R_2LP10(1.0),19/02/24 23:00:00,Annual,Total - all NACE activities,Compensation of employees per hour worked,Euro,Croatia,2004,6.8,
ESTAT:NAMA_10R_2LP10(1.0),19/02/24 23:00:00,Annual,Total - all NACE activities,Compensation of employees per hour worked,Euro,Croatia,2005,7.3,
ESTAT:NAMA_10R_2LP10(1.0),19/02/24 23:00:00,Annual,Total - all NACE activities,Compensation of employees per hour worked,Euro,Croatia,2006,7.6,
ESTAT:NAMA_10R_2LP10(1.0),19/02/24 23:00:00,Annual,Total - all NACE activities,Compensation of employees per hour worked,Euro,Croatia,2007,8,
ESTAT:NAMA_10R_2LP10(1.0),19/02/24 23:00:00,Annual,Total - all NACE activities,Compensation of employees per hour worked,Euro,Croatia,2008,8.5,
ESTAT:NAMA_10R_2LP10(1.0),19/02/24 23:00:00,Annual,Total - all NACE activities,Compensation of employees per hour worked,Euro,Croatia,2009,8.3,
ESTAT:NAMA_10R_2LP10(1.0),19/02/24 23:00:00,Annual,Total - all NACE activities,Compensation of employees per hour worked,Euro,Croatia,2010,8.5,
ESTAT:NAMA_10R_2LP10(1.0),19/02/24 23:00:00,Annual,Total - all NACE activities,Compensation of employees per hour worked,Euro,Croatia,2011,8.7,
ESTAT:NAMA_10R_2LP10(1.0),19/02/24 23:00:00,Annual,Total - all NACE activities,Compensation of employees per hour worked,Euro,Croatia,2012,8.7,
ESTAT:NAMA_10R_2LP10(1.0),19/02/24 23:00:00,Annual,Total - all NACE activities,Compensation of employees per hour worked,Euro,Croatia,2013,8.6,
ESTAT:NAMA_10R_2LP10(1.0),19/02/24 23:00:00,Annual,Total - all NACE activities,Compensation of employees per hour worked,Euro,Croatia,2014,8.2,
ESTAT:NAMA_10R_2LP10(1.0),19/02/24 23:00:00,Annual,Total - all NACE activities,Compensation of employees per hour worked,Euro,Croatia,2015,8.6,
ESTAT:NAMA_10R_2LP10(1.0),19/02/24 23:00:00,Annual,Total - all NACE activities,Compensation of employees per hour worked,Euro,Croatia,2016,8.7,
ESTAT:NAMA_10R_2LP10(1.0),19/02/24 23:00:00,Annual,Total - all NACE activities,Compensation of employees per hour worked,Euro,Croatia,2017,8.9,
ESTAT:NAMA_10R_2LP10(1.0),19/02/24 23:00:00,Annual,Total - all NACE activities,Compensation of employees per hour worked,Euro,Croatia,2018,9.4,
ESTAT:NAMA_10R_2LP10(1.0),19/02/24 23:00:00,Annual,Total - all NACE activities,Compensation of employees per hour worked,Euro,Croatia,2019,9.3,
ESTAT:NAMA_10R_2LP10(1.0),19/02/24 23:00:00,Annual,Total - all NACE activities,Compensation of employees per hour worked,Euro,Croatia,2020,9.3,
ESTAT:NAMA_10R_2LP10(1.0),19/02/24 23:00:00,Annual,Total - all NACE activities,Compensation of employees per hour worked,Euro,Croatia,2021,9.9,
ESTAT:NAMA_10R_2LP10(1.0),19/02/24 23:00:00,Annual,Total - all NACE activities,Compensation of employees per hour worked,Euro,Hungary,2000,3.5,
ESTAT:NAMA_10R_2LP10(1.0),19/02/24 23:00:00,Annual,Total - all NACE activities,Compensation of employees per hour worked,Euro,Hungary,2001,4.1,
ESTAT:NAMA_10R_2LP10(1.0),19/02/24 23:00:00,Annual,Total - all NACE activities,Compensation of employees per hour worked,Euro,Hungary,2002,4.9,
ESTAT:NAMA_10R_2LP10(1.0),19/02/24 23:00:00,Annual,Total - all NACE activities,Compensation of employees per hour worked,Euro,Hungary,2003,5.2,
ESTAT:NAMA_10R_2LP10(1.0),19/02/24 23:00:00,Annual,Total - all NACE activities,Compensation of employees per hour worked,Euro,Hungary,2004,5.9,
ESTAT:NAMA_10R_2LP10(1.0),19/02/24 23:00:00,Annual,Total - all NACE activities,Compensation of employees per hour worked,Euro,Hungary,2005,6.5,
ESTAT:NAMA_10R_2LP10(1.0),19/02/24 23:00:00,Annual,Total - all NACE activities,Compensation of employees per hour worked,Euro,Hungary,2006,6.5,
ESTAT:NAMA_10R_2LP10(1.0),19/02/24 23:00:00,Annual,Total - all NACE activities,Compensation of employees per hour worked,Euro,Hungary,2007,7.3,
ESTAT:NAMA_10R_2LP10(1.0),19/02/24 23:00:00,Annual,Total - all NACE activities,Compensation of employees per hour worked,Euro,Hungary,2008,7.9,
ESTAT:NAMA_10R_2LP10(1.0),19/02/24 23:00:00,Annual,Total - all NACE activities,Compensation of employees per hour worked,Euro,Hungary,2009,6.9,
ESTAT:NAMA_10R_2LP10(1.0),19/02/24 23:00:00,Annual,Total - all NACE activities,Compensation of employees per hour worked,Euro,Hungary,2010,7.1,
ESTAT:NAMA_10R_2LP10(1.0),19/02/24 23:00:00,Annual,Total - all NACE activities,Compensation of employees per hour worked,Euro,Hungary,2011,7.3,
ESTAT:NAMA_10R_2LP10(1.0),19/02/24 23:00:00,Annual,Total - all NACE activities,Compensation of employees per hour worked,Euro,Hungary,2012,7.3,
ESTAT:NAMA_10R_2LP10(1.0),19/02/24 23:00:00,Annual,Total - all NACE activities,Compensation of employees per hour worked,Euro,Hungary,2013,7.2,
ESTAT:NAMA_10R_2LP10(1.0),19/02/24 23:00:00,Annual,Total - all NACE activities,Compensation of employees per hour worked,Euro,Hungary,2014,6.9,
ESTAT:NAMA_10R_2LP10(1.0),19/02/24 23:00:00,Annual,Total - all NACE activities,Compensation of employees per hour worked,Euro,Hungary,2015,7,
ESTAT:NAMA_10R_2LP10(1.0),19/02/24 23:00:00,Annual,Total - all NACE activities,Compensation of employees per hour worked,Euro,Hungary,2016,7,
ESTAT:NAMA_10R_2LP10(1.0),19/02/24 23:00:00,Annual,Total - all NACE activities,Compensation of employees per hour worked,Euro,Hungary,2017,7.6,
ESTAT:NAMA_10R_2LP10(1.0),19/02/24 23:00:00,Annual,Total - all NACE activities,Compensation of employees per hour worked,Euro,Hungary,2018,7.9,
ESTAT:NAMA_10R_2LP10(1.0),19/02/24 23:00:00,Annual,Total - all NACE activities,Compensation of employees per hour worked,Euro,Hungary,2019,8.3,
ESTAT:NAMA_10R_2LP10(1.0),19/02/24 23:00:00,Annual,Total - all NACE activities,Compensation of employees per hour worked,Euro,Hungary,2020,8.2,
ESTAT:NAMA_10R_2LP10(1.0),19/02/24 23:00:00,Annual,Total - all NACE activities,Compensation of employees per hour worked,Euro,Hungary,2021,8.6,
ESTAT:NAMA_10R_2LP10(1.0),19/02/24 23:00:00,Annual,Total - all NACE activities,Compensation of employees per hour worked,Euro,Ireland,2000,16.2,
ESTAT:NAMA_10R_2LP10(1.0),19/02/24 23:00:00,Annual,Total - all NACE activities,Compensation of employees per hour worked,Euro,Ireland,2001,17.7,
ESTAT:NAMA_10R_2LP10(1.0),19/02/24 23:00:00,Annual,Total - all NACE activities,Compensation of employees per hour worked,Euro,Ireland,2002,18.7,
ESTAT:NAMA_10R_2LP10(1.0),19/02/24 23:00:00,Annual,Total - all NACE activities,Compensation of employees per hour worked,Euro,Ireland,2003,20.2,
ESTAT:NAMA_10R_2LP10(1.0),19/02/24 23:00:00,Annual,Total - all NACE activities,Compensation of employees per hour worked,Euro,Ireland,2004,21.6,
ESTAT:NAMA_10R_2LP10(1.0),19/02/24 23:00:00,Annual,Total - all NACE activities,Compensation of employees per hour worked,Euro,Ireland,2005,22.7,
ESTAT:NAMA_10R_2LP10(1.0),19/02/24 23:00:00,Annual,Total - all NACE activities,Compensation of employees per hour worked,Euro,Ireland,2006,24,
ESTAT:NAMA_10R_2LP10(1.0),19/02/24 23:00:00,Annual,Total - all NACE activities,Compensation of employees per hour worked,Euro,Ireland,2007,25.7,
ESTAT:NAMA_10R_2LP10(1.0),19/02/24 23:00:00,Annual,Total - all NACE activities,Compensation of employees per hour worked,Euro,Ireland,2008,27.2,
ESTAT:NAMA_10R_2LP10(1.0),19/02/24 23:00:00,Annual,Total - all NACE activities,Compensation of employees per hour worked,Euro,Ireland,2009,28.1,
ESTAT:NAMA_10R_2LP10(1.0),19/02/24 23:00:00,Annual,Total - all NACE activities,Compensation of employees per hour worked,Euro,Ireland,2010,27.3,
ESTAT:NAMA_10R_2LP10(1.0),19/02/24 23:00:00,Annual,Total - all NACE activities,Compensation of employees per hour worked,Euro,Ireland,2011,27.3,
ESTAT:NAMA_10R_2LP10(1.0),19/02/24 23:00:00,Annual,Total - all NACE activities,Compensation of employees per hour worked,Euro,Ireland,2012,27.7,
ESTAT:NAMA_10R_2LP10(1.0),19/02/24 23:00:00,Annual,Total - all NACE activities,Compensation of employees per hour worked,Euro,Ireland,2013,27.1,
ESTAT:NAMA_10R_2LP10(1.0),19/02/24 23:00:00,Annual,Total - all NACE activities,Compensation of employees per hour worked,Euro,Ireland,2014,27.2,
ESTAT:NAMA_10R_2LP10(1.0),19/02/24 23:00:00,Annual,Total - all NACE activities,Compensation of employees per hour worked,Euro,Ireland,2015,27.9,
ESTAT:NAMA_10R_2LP10(1.0),19/02/24 23:00:00,Annual,Total - all NACE activities,Compensation of employees per hour worked,Euro,Ireland,2016,28.1,
ESTAT:NAMA_10R_2LP10(1.0),19/02/24 23:00:00,Annual,Total - all NACE activities,Compensation of employees per hour worked,Euro,Ireland,2017,28.7,
ESTAT:NAMA_10R_2LP10(1.0),19/02/24 23:00:00,Annual,Total - all NACE activities,Compensation of employees per hour worked,Euro,Ireland,2018,29.2,
ESTAT:NAMA_10R_2LP10(1.0),19/02/24 23:00:00,Annual,Total - all NACE activities,Compensation of employees per hour worked,Euro,Ireland,2019,30.2,
ESTAT:NAMA_10R_2LP10(1.0),19/02/24 23:00:00,Annual,Total - all NACE activities,Compensation of employees per hour worked,Euro,Ireland,2020,33,
ESTAT:NAMA_10R_2LP10(1.0),19/02/24 23:00:00,Annual,Total - all NACE activities,Compensation of employees per hour worked,Euro,Ireland,2021,33.9,
ESTAT:NAMA_10R_2LP10(1.0),19/02/24 23:00:00,Annual,Total - all NACE activities,Compensation of employees per hour worked,Euro,Italy,2000,16.2,
ESTAT:NAMA_10R_2LP10(1.0),19/02/24 23:00:00,Annual,Total - all NACE activities,Compensation of employees per hour worked,Euro,Italy,2001,16.8,
ESTAT:NAMA_10R_2LP10(1.0),19/02/24 23:00:00,Annual,Total - all NACE activities,Compensation of employees per hour worked,Euro,Italy,2002,17.3,
ESTAT:NAMA_10R_2LP10(1.0),19/02/24 23:00:00,Annual,Total - all NACE activities,Compensation of employees per hour worked,Euro,Italy,2003,18.1,
ESTAT:NAMA_10R_2LP10(1.0),19/02/24 23:00:00,Annual,Total - all NACE activities,Compensation of employees per hour worked,Euro,Italy,2004,18.6,
ESTAT:NAMA_10R_2LP10(1.0),19/02/24 23:00:00,Annual,Total - all NACE activities,Compensation of employees per hour worked,Euro,Italy,2005,19.2,
ESTAT:NAMA_10R_2LP10(1.0),19/02/24 23:00:00,Annual,Total - all NACE activities,Compensation of employees per hour worked,Euro,Italy,2006,19.6,
ESTAT:NAMA_10R_2LP10(1.0),19/02/24 23:00:00,Annual,Total - all NACE activities,Compensation of employees per hour worked,Euro,Italy,2007,20,
ESTAT:NAMA_10R_2LP10(1.0),19/02/24 23:00:00,Annual,Total - all NACE activities,Compensation of employees per hour worked,Euro,Italy,2008,20.6,
ESTAT:NAMA_10R_2LP10(1.0),19/02/24 23:00:00,Annual,Total - all NACE activities,Compensation of employees per hour worked,Euro,Italy,2009,21.2,
ESTAT:NAMA_10R_2LP10(1.0),19/02/24 23:00:00,Annual,Total - all NACE activities,Compensation of employees per hour worked,Euro,Italy,2010,21.7,
ESTAT:NAMA_10R_2LP10(1.0),19/02/24 23:00:00,Annual,Total - all NACE activities,Compensation of employees per hour worked,Euro,Italy,2011,21.9,
ESTAT:NAMA_10R_2LP10(1.0),19/02/24 23:00:00,Annual,Total - all NACE activities,Compensation of employees per hour worked,Euro,Italy,2012,22.1,
ESTAT:NAMA_10R_2LP10(1.0),19/02/24 23:00:00,Annual,Total - all NACE activities,Compensation of employees per hour worked,Euro,Italy,2013,22.5,
ESTAT:NAMA_10R_2LP10(1.0),19/02/24 23:00:00,Annual,Total - all NACE activities,Compensation of employees per hour worked,Euro,Italy,2014,22.5,
ESTAT:NAMA_10R_2LP10(1.0),19/02/24 23:00:00,Annual,Total - all NACE activities,Compensation of employees per hour worked,Euro,Italy,2015,22.7,
ESTAT:NAMA_10R_2LP10(1.0),19/02/24 23:00:00,Annual,Total - all NACE activities,Compensation of employees per hour worked,Euro,Italy,2016,22.6,
ESTAT:NAMA_10R_2LP10(1.0),19/02/24 23:00:00,Annual,Total - all NACE activities,Compensation of employees per hour worked,Euro,Italy,2017,22.7,
ESTAT:NAMA_10R_2LP10(1.0),19/02/24 23:00:00,Annual,Total - all NACE activities,Compensation of employees per hour worked,Euro,Italy,2018,23,
ESTAT:NAMA_10R_2LP10(1.0),19/02/24 23:00:00,Annual,Total - all NACE activities,Compensation of employees per hour worked,Euro,Italy,2019,23.4,
ESTAT:NAMA_10R_2LP10(1.0),19/02/24 23:00:00,Annual,Total - all NACE activities,Compensation of employees per hour worked,Euro,Italy,2020,24.6,
ESTAT:NAMA_10R_2LP10(1.0),19/02/24 23:00:00,Annual,Total - all NACE activities,Compensation of employees per hour worked,Euro,Italy,2021,24.2,
ESTAT:NAMA_10R_2LP10(1.0),19/02/24 23:00:00,Annual,Total - all NACE activities,Compensation of employees per hour worked,Euro,Lithuania,2000,2.3,
ESTAT:NAMA_10R_2LP10(1.0),19/02/24 23:00:00,Annual,Total - all NACE activities,Compensation of employees per hour worked,Euro,Lithuania,2001,2.6,
ESTAT:NAMA_10R_2LP10(1.0),19/02/24 23:00:00,Annual,Total - all NACE activities,Compensation of employees per hour worked,Euro,Lithuania,2002,2.8,
ESTAT:NAMA_10R_2LP10(1.0),19/02/24 23:00:00,Annual,Total - all NACE activities,Compensation of employees per hour worked,Euro,Lithuania,2003,3.1,
ESTAT:NAMA_10R_2LP10(1.0),19/02/24 23:00:00,Annual,Total - all NACE activities,Compensation of employees per hour worked,Euro,Lithuania,2004,3.3,
ESTAT:NAMA_10R_2LP10(1.0),19/02/24 23:00:00,Annual,Total - all NACE activities,Compensation of employees per hour worked,Euro,Lithuania,2005,3.8,
ESTAT:NAMA_10R_2LP10(1.0),19/02/24 23:00:00,Annual,Total - all NACE activities,Compensation of employees per hour worked,Euro,Lithuania,2006,4.6,
ESTAT:NAMA_10R_2LP10(1.0),19/02/24 23:00:00,Annual,Total - all NACE activities,Compensation of employees per hour worked,Euro,Lithuania,2007,5.2,
ESTAT:NAMA_10R_2LP10(1.0),19/02/24 23:00:00,Annual,Total - all NACE activities,Compensation of employees per hour worked,Euro,Lithuania,2008,5.9,
ESTAT:NAMA_10R_2LP10(1.0),19/02/24 23:00:00,Annual,Total - all NACE activities,Compensation of employees per hour worked,Euro,Lithuania,2009,5.5,
ESTAT:NAMA_10R_2LP10(1.0),19/02/24 23:00:00,Annual,Total - all NACE activities,Compensation of employees per hour worked,Euro,Lithuania,2010,5.4,
ESTAT:NAMA_10R_2LP10(1.0),19/02/24 23:00:00,Annual,Total - all NACE activities,Compensation of employees per hour worked,Euro,Lithuania,2011,5.8,
ESTAT:NAMA_10R_2LP10(1.0),19/02/24 23:00:00,Annual,Total - all NACE activities,Compensation of employees per hour worked,Euro,Lithuania,2012,6.1,
ESTAT:NAMA_10R_2LP10(1.0),19/02/24 23:00:00,Annual,Total - all NACE activities,Compensation of employees per hour worked,Euro,Lithuania,2013,6.5,
ESTAT:NAMA_10R_2LP10(1.0),19/02/24 23:00:00,Annual,Total - all NACE activities,Compensation of employees per hour worked,Euro,Lithuania,2014,6.8,
ESTAT:NAMA_10R_2LP10(1.0),19/02/24 23:00:00,Annual,Total - all NACE activities,Compensation of employees per hour worked,Euro,Lithuania,2015,7.1,
ESTAT:NAMA_10R_2LP10(1.0),19/02/24 23:00:00,Annual,Total - all NACE activities,Compensation of employees per hour worked,Euro,Lithuania,2016,7.4,
ESTAT:NAMA_10R_2LP10(1.0),19/02/24 23:00:00,Annual,Total - all NACE activities,Compensation of employees per hour worked,Euro,Lithuania,2017,8.3,
ESTAT:NAMA_10R_2LP10(1.0),19/02/24 23:00:00,Annual,Total - all NACE activities,Compensation of employees per hour worked,Euro,Lithuania,2018,8.9,
ESTAT:NAMA_10R_2LP10(1.0),19/02/24 23:00:00,Annual,Total - all NACE activities,Compensation of employees per hour worked,Euro,Lithuania,2019,9.9,
ESTAT:NAMA_10R_2LP10(1.0),19/02/24 23:00:00,Annual,Total - all NACE activities,Compensation of employees per hour worked,Euro,Lithuania,2020,10.9,
ESTAT:NAMA_10R_2LP10(1.0),19/02/24 23:00:00,Annual,Total - all NACE activities,Compensation of employees per hour worked,Euro,Lithuania,2021,12,
ESTAT:NAMA_10R_2LP10(1.0),19/02/24 23:00:00,Annual,Total - all NACE activities,Compensation of employees per hour worked,Euro,Luxembourg,1995,23.9,
ESTAT:NAMA_10R_2LP10(1.0),19/02/24 23:00:00,Annual,Total - all NACE activities,Compensation of employees per hour worked,Euro,Luxembourg,1996,24.5,
ESTAT:NAMA_10R_2LP10(1.0),19/02/24 23:00:00,Annual,Total - all NACE activities,Compensation of employees per hour worked,Euro,Luxembourg,1997,24.2,
ESTAT:NAMA_10R_2LP10(1.0),19/02/24 23:00:00,Annual,Total - all NACE activities,Compensation of employees per hour worked,Euro,Luxembourg,1998,24.4,
ESTAT:NAMA_10R_2LP10(1.0),19/02/24 23:00:00,Annual,Total - all NACE activities,Compensation of employees per hour worked,Euro,Luxembourg,1999,25.7,
ESTAT:NAMA_10R_2LP10(1.0),19/02/24 23:00:00,Annual,Total - all NACE activities,Compensation of employees per hour worked,Euro,Luxembourg,2000,27,
ESTAT:NAMA_10R_2LP10(1.0),19/02/24 23:00:00,Annual,Total - all NACE activities,Compensation of employees per hour worked,Euro,Luxembourg,2001,28.1,
ESTAT:NAMA_10R_2LP10(1.0),19/02/24 23:00:00,Annual,Total - all NACE activities,Compensation of employees per hour worked,Euro,Luxembourg,2002,29.3,
ESTAT:NAMA_10R_2LP10(1.0),19/02/24 23:00:00,Annual,Total - all NACE activities,Compensation of employees per hour worked,Euro,Luxembourg,2003,29.7,
ESTAT:NAMA_10R_2LP10(1.0),19/02/24 23:00:00,Annual,Total - all NACE activities,Compensation of employees per hour worked,Euro,Luxembourg,2004,30.8,
ESTAT:NAMA_10R_2LP10(1.0),19/02/24 23:00:00,Annual,Total - all NACE activities,Compensation of employees per hour worked,Euro,Luxembourg,2005,32.5,
ESTAT:NAMA_10R_2LP10(1.0),19/02/24 23:00:00,Annual,Total - all NACE activities,Compensation of employees per hour worked,Euro,Luxembourg,2006,33.9,
ESTAT:NAMA_10R_2LP10(1.0),19/02/24 23:00:00,Annual,Total - all NACE activities,Compensation of employees per hour worked,Euro,Luxembourg,2007,35.1,
ESTAT:NAMA_10R_2LP10(1.0),19/02/24 23:00:00,Annual,Total - all NACE activities,Compensation of employees per hour worked,Euro,Luxembourg,2008,36,
ESTAT:NAMA_10R_2LP10(1.0),19/02/24 23:00:00,Annual,Total - all NACE activities,Compensation of employees per hour worked,Euro,Luxembourg,2009,38,
ESTAT:NAMA_10R_2LP10(1.0),19/02/24 23:00:00,Annual,Total - all NACE activities,Compensation of employees per hour worked,Euro,Luxembourg,2010,38.5,
ESTAT:NAMA_10R_2LP10(1.0),19/02/24 23:00:00,Annual,Total - all NACE activities,Compensation of employees per hour worked,Euro,Luxembourg,2011,40,
ESTAT:NAMA_10R_2LP10(1.0),19/02/24 23:00:00,Annual,Total - all NACE activities,Compensation of employees per hour worked,Euro,Luxembourg,2012,40.7,
ESTAT:NAMA_10R_2LP10(1.0),19/02/24 23:00:00,Annual,Total - all NACE activities,Compensation of employees per hour worked,Euro,Luxembourg,2013,42.2,
ESTAT:NAMA_10R_2LP10(1.0),19/02/24 23:00:00,Annual,Total - all NACE activities,Compensation of employees per hour worked,Euro,Luxembourg,2014,43,
ESTAT:NAMA_10R_2LP10(1.0),19/02/24 23:00:00,Annual,Total - all NACE activities,Compensation of employees per hour worked,Euro,Luxembourg,2015,43.4,
ESTAT:NAMA_10R_2LP10(1.0),19/02/24 23:00:00,Annual,Total - all NACE activities,Compensation of employees per hour worked,Euro,Luxembourg,2016,43.8,
ESTAT:NAMA_10R_2LP10(1.0),19/02/24 23:00:00,Annual,Total - all NACE activities,Compensation of employees per hour worked,Euro,Luxembourg,2017,45.4,
ESTAT:NAMA_10R_2LP10(1.0),19/02/24 23:00:00,Annual,Total - all NACE activities,Compensation of employees per hour worked,Euro,Luxembourg,2018,46.8,
ESTAT:NAMA_10R_2LP10(1.0),19/02/24 23:00:00,Annual,Total - all NACE activities,Compensation of employees per hour worked,Euro,Luxembourg,2019,47.8,
ESTAT:NAMA_10R_2LP10(1.0),19/02/24 23:00:00,Annual,Total - all NACE activities,Compensation of employees per hour worked,Euro,Luxembourg,2020,51.2,
ESTAT:NAMA_10R_2LP10(1.0),19/02/24 23:00:00,Annual,Total - all NACE activities,Compensation of employees per hour worked,Euro,Luxembourg,2021,51.7,
ESTAT:NAMA_10R_2LP10(1.0),19/02/24 23:00:00,Annual,Total - all NACE activities,Compensation of employees per hour worked,Euro,Luxembourg,2022,55,
ESTAT:NAMA_10R_2LP10(1.0),19/02/24 23:00:00,Annual,Total - all NACE activities,Compensation of employees per hour worked,Euro,Latvia,2000,2.1,
ESTAT:NAMA_10R_2LP10(1.0),19/02/24 23:00:00,Annual,Total - all NACE activities,Compensation of employees per hour worked,Euro,Latvia,2001,2.2,
ESTAT:NAMA_10R_2LP10(1.0),19/02/24 23:00:00,Annual,Total - all NACE activities,Compensation of employees per hour worked,Euro,Latvia,2002,2.3,
ESTAT:NAMA_10R_2LP10(1.0),19/02/24 23:00:00,Annual,Total - all NACE activities,Compensation of employees per hour worked,Euro,Latvia,2003,2.3,
ESTAT:NAMA_10R_2LP10(1.0),19/02/24 23:00:00,Annual,Total - all NACE activities,Compensation of employees per hour worked,Euro,Latvia,2004,2.6,
ESTAT:NAMA_10R_2LP10(1.0),19/02/24 23:00:00,Annual,Total - all NACE activities,Compensation of employees per hour worked,Euro,Latvia,2005,3.1,
ESTAT:NAMA_10R_2LP10(1.0),19/02/24 23:00:00,Annual,Total - all NACE activities,Compensation of employees per hour worked,Euro,Latvia,2006,3.8,
ESTAT:NAMA_10R_2LP10(1.0),19/02/24 23:00:00,Annual,Total - all NACE activities,Compensation of employees per hour worked,Euro,Latvia,2007,5.2,
ESTAT:NAMA_10R_2LP10(1.0),19/02/24 23:00:00,Annual,Total - all NACE activities,Compensation of employees per hour worked,Euro,Latvia,2008,6.3,
ESTAT:NAMA_10R_2LP10(1.0),19/02/24 23:00:00,Annual,Total - all NACE activities,Compensation of employees per hour worked,Euro,Latvia,2009,5.7,
ESTAT:NAMA_10R_2LP10(1.0),19/02/24 23:00:00,Annual,Total - all NACE activities,Compensation of employees per hour worked,Euro,Latvia,2010,5.3,
ESTAT:NAMA_10R_2LP10(1.0),19/02/24 23:00:00,Annual,Total - all NACE activities,Compensation of employees per hour worked,Euro,Latvia,2011,5.4,
ESTAT:NAMA_10R_2LP10(1.0),19/02/24 23:00:00,Annual,Total - all NACE activities,Compensation of employees per hour worked,Euro,Latvia,2012,6,
ESTAT:NAMA_10R_2LP10(1.0),19/02/24 23:00:00,Annual,Total - all NACE activities,Compensation of employees per hour worked,Euro,Latvia,2013,6.3,
ESTAT:NAMA_10R_2LP10(1.0),19/02/24 23:00:00,Annual,Total - all NACE activities,Compensation of employees per hour worked,Euro,Latvia,2014,6.7,
ESTAT:NAMA_10R_2LP10(1.0),19/02/24 23:00:00,Annual,Total - all NACE activities,Compensation of employees per hour worked,Euro,Latvia,2015,7.4,
ESTAT:NAMA_10R_2LP10(1.0),19/02/24 23:00:00,Annual,Total - all NACE activities,Compensation of employees per hour worked,Euro,Latvia,2016,8,
ESTAT:NAMA_10R_2LP10(1.0),19/02/24 23:00:00,Annual,Total - all NACE activities,Compensation of employees per hour worked,Euro,Latvia,2017,8.6,
ESTAT:NAMA_10R_2LP10(1.0),19/02/24 23:00:00,Annual,Total - all NACE activities,Compensation of employees per hour worked,Euro,Latvia,2018,9.2,
ESTAT:NAMA_10R_2LP10(1.0),19/02/24 23:00:00,Annual,Total - all NACE activities,Compensation of employees per hour worked,Euro,Latvia,2019,10.2,
ESTAT:NAMA_10R_2LP10(1.0),19/02/24 23:00:00,Annual,Total - all NACE activities,Compensation of employees per hour worked,Euro,Latvia,2020,10.9,
ESTAT:NAMA_10R_2LP10(1.0),19/02/24 23:00:00,Annual,Total - all NACE activities,Compensation of employees per hour worked,Euro,Latvia,2021,11.6,
ESTAT:NAMA_10R_2LP10(1.0),19/02/24 23:00:00,Annual,Total - all NACE activities,Compensation of employees per hour worked,Euro,Malta,1995,5.3,e
ESTAT:NAMA_10R_2LP10(1.0),19/02/24 23:00:00,Annual,Total - all NACE activities,Compensation of employees per hour worked,Euro,Malta,1996,5.5,e
ESTAT:NAMA_10R_2LP10(1.0),19/02/24 23:00:00,Annual,Total - all NACE activities,Compensation of employees per hour worked,Euro,Malta,1997,5.9,e
ESTAT:NAMA_10R_2LP10(1.0),19/02/24 23:00:00,Annual,Total - all NACE activities,Compensation of employees per hour worked,Euro,Malta,1998,6.2,e
ESTAT:NAMA_10R_2LP10(1.0),19/02/24 23:00:00,Annual,Total - all NACE activities,Compensation of employees per hour worked,Euro,Malta,1999,6.5,e
ESTAT:NAMA_10R_2LP10(1.0),19/02/24 23:00:00,Annual,Total - all NACE activities,Compensation of employees per hour worked,Euro,Malta,2000,7.1,
ESTAT:NAMA_10R_2LP10(1.0),19/02/24 23:00:00,Annual,Total - all NACE activities,Compensation of employees per hour worked,Euro,Malta,2001,7.8,
ESTAT:NAMA_10R_2LP10(1.0),19/02/24 23:00:00,Annual,Total - all NACE activities,Compensation of employees per hour worked,Euro,Malta,2002,7.8,
ESTAT:NAMA_10R_2LP10(1.0),19/02/24 23:00:00,Annual,Total - all NACE activities,Compensation of employees per hour worked,Euro,Malta,2003,8,
ESTAT:NAMA_10R_2LP10(1.0),19/02/24 23:00:00,Annual,Total - all NACE activities,Compensation of employees per hour worked,Euro,Malta,2004,8.5,
ESTAT:NAMA_10R_2LP10(1.0),19/02/24 23:00:00,Annual,Total - all NACE activities,Compensation of employees per hour worked,Euro,Malta,2005,8.3,
ESTAT:NAMA_10R_2LP10(1.0),19/02/24 23:00:00,Annual,Total - all NACE activities,Compensation of employees per hour worked,Euro,Malta,2006,8.7,
ESTAT:NAMA_10R_2LP10(1.0),19/02/24 23:00:00,Annual,Total - all NACE activities,Compensation of employees per hour worked,Euro,Malta,2007,8.9,
ESTAT:NAMA_10R_2LP10(1.0),19/02/24 23:00:00,Annual,Total - all NACE activities,Compensation of employees per hour worked,Euro,Malta,2008,9.2,
ESTAT:NAMA_10R_2LP10(1.0),19/02/24 23:00:00,Annual,Total - all NACE activities,Compensation of employees per hour worked,Euro,Malta,2009,9.4,
ESTAT:NAMA_10R_2LP10(1.0),19/02/24 23:00:00,Annual,Total - all NACE activities,Compensation of employees per hour worked,Euro,Malta,2010,10,
ESTAT:NAMA_10R_2LP10(1.0),19/02/24 23:00:00,Annual,Total - all NACE activities,Compensation of employees per hour worked,Euro,Malta,2011,10.7,
ESTAT:NAMA_10R_2LP10(1.0),19/02/24 23:00:00,Annual,Total - all NACE activities,Compensation of employees per hour worked,Euro,Malta,2012,11.1,
ESTAT:NAMA_10R_2LP10(1.0),19/02/24 23:00:00,Annual,Total - all NACE activities,Compensation of employees per hour worked,Euro,Malta,2013,11.5,
ESTAT:NAMA_10R_2LP10(1.0),19/02/24 23:00:00,Annual,Total - all NACE activities,Compensation of employees per hour worked,Euro,Malta,2014,12,
ESTAT:NAMA_10R_2LP10(1.0),19/02/24 23:00:00,Annual,Total - all NACE activities,Compensation of employees per hour worked,Euro,Malta,2015,12.8,
ESTAT:NAMA_10R_2LP10(1.0),19/02/24 23:00:00,Annual,Total - all NACE activities,Compensation of employees per hour worked,Euro,Malta,2016,12.8,
ESTAT:NAMA_10R_2LP10(1.0),19/02/24 23:00:00,Annual,Total - all NACE activities,Compensation of employees per hour worked,Euro,Malta,2017,13.6,
ESTAT:NAMA_10R_2LP10(1.0),19/02/24 23:00:00,Annual,Total - all NACE activities,Compensation of employees per hour worked,Euro,Malta,2018,14.3,
ESTAT:NAMA_10R_2LP10(1.0),19/02/24 23:00:00,Annual,Total - all NACE activities,Compensation of employees per hour worked,Euro,Malta,2019,14.4,
ESTAT:NAMA_10R_2LP10(1.0),19/02/24 23:00:00,Annual,Total - all NACE activities,Compensation of employees per hour worked,Euro,Malta,2020,15.2,
ESTAT:NAMA_10R_2LP10(1.0),19/02/24 23:00:00,Annual,Total - all NACE activities,Compensation of employees per hour worked,Euro,Malta,2021,16,
ESTAT:NAMA_10R_2LP10(1.0),19/02/24 23:00:00,Annual,Total - all NACE activities,Compensation of employees per hour worked,Euro,Malta,2022,17,
ESTAT:NAMA_10R_2LP10(1.0),19/02/24 23:00:00,Annual,Total - all NACE activities,Compensation of employees per hour worked,Euro,Netherlands,2000,23.3,
ESTAT:NAMA_10R_2LP10(1.0),19/02/24 23:00:00,Annual,Total - all NACE activities,Compensation of employees per hour worked,Euro,Netherlands,2001,24,
ESTAT:NAMA_10R_2LP10(1.0),19/02/24 23:00:00,Annual,Total - all NACE activities,Compensation of employees per hour worked,Euro,Netherlands,2002,25.3,
ESTAT:NAMA_10R_2LP10(1.0),19/02/24 23:00:00,Annual,Total - all NACE activities,Compensation of employees per hour worked,Euro,Netherlands,2003,26.2,
ESTAT:NAMA_10R_2LP10(1.0),19/02/24 23:00:00,Annual,Total - all NACE activities,Compensation of employees per hour worked,Euro,Netherlands,2004,26.7,
ESTAT:NAMA_10R_2LP10(1.0),19/02/24 23:00:00,Annual,Total - all NACE activities,Compensation of employees per hour worked,Euro,Netherlands,2005,27.3,
ESTAT:NAMA_10R_2LP10(1.0),19/02/24 23:00:00,Annual,Total - all NACE activities,Compensation of employees per hour worked,Euro,Netherlands,2006,27.9,
ESTAT:NAMA_10R_2LP10(1.0),19/02/24 23:00:00,Annual,Total - all NACE activities,Compensation of employees per hour worked,Euro,Netherlands,2007,28.7,
ESTAT:NAMA_10R_2LP10(1.0),19/02/24 23:00:00,Annual,Total - all NACE activities,Compensation of employees per hour worked,Euro,Netherlands,2008,29.8,
ESTAT:NAMA_10R_2LP10(1.0),19/02/24 23:00:00,Annual,Total - all NACE activities,Compensation of employees per hour worked,Euro,Netherlands,2009,30.8,
ESTAT:NAMA_10R_2LP10(1.0),19/02/24 23:00:00,Annual,Total - all NACE activities,Compensation of employees per hour worked,Euro,Netherlands,2010,31.1,
ESTAT:NAMA_10R_2LP10(1.0),19/02/24 23:00:00,Annual,Total - all NACE activities,Compensation of employees per hour worked,Euro,Netherlands,2011,31.6,
ESTAT:NAMA_10R_2LP10(1.0),19/02/24 23:00:00,Annual,Total - all NACE activities,Compensation of employees per hour worked,Euro,Netherlands,2012,32.5,
ESTAT:NAMA_10R_2LP10(1.0),19/02/24 23:00:00,Annual,Total - all NACE activities,Compensation of employees per hour worked,Euro,Netherlands,2013,32.9,
ESTAT:NAMA_10R_2LP10(1.0),19/02/24 23:00:00,Annual,Total - all NACE activities,Compensation of employees per hour worked,Euro,Netherlands,2014,33.2,
ESTAT:NAMA_10R_2LP10(1.0),19/02/24 23:00:00,Annual,Total - all NACE activities,Compensation of employees per hour worked,Euro,Netherlands,2015,33.3,
ESTAT:NAMA_10R_2LP10(1.0),19/02/24 23:00:00,Annual,Total - all NACE activities,Compensation of employees per hour worked,Euro,Netherlands,2016,33.6,
ESTAT:NAMA_10R_2LP10(1.0),19/02/24 23:00:00,Annual,Total - all NACE activities,Compensation of employees per hour worked,Euro,Netherlands,2017,34,
ESTAT:NAMA_10R_2LP10(1.0),19/02/24 23:00:00,Annual,Total - all NACE activities,Compensation of employees per hour worked,Euro,Netherlands,2018,34.6,
ESTAT:NAMA_10R_2LP10(1.0),19/02/24 23:00:00,Annual,Total - all NACE activities,Compensation of employees per hour worked,Euro,Netherlands,2019,35.5,
ESTAT:NAMA_10R_2LP10(1.0),19/02/24 23:00:00,Annual,Total - all NACE activities,Compensation of employees per hour worked,Euro,Netherlands,2020,38.1,
ESTAT:NAMA_10R_2LP10(1.0),19/02/24 23:00:00,Annual,Total - all NACE activities,Compensation of employees per hour worked,Euro,Netherlands,2021,38.1,p
ESTAT:NAMA_10R_2LP10(1.0),19/02/24 23:00:00,Annual,Total - all NACE activities,Compensation of employees per hour worked,Euro,Poland,2000,3.5,
ESTAT:NAMA_10R_2LP10(1.0),19/02/24 23:00:00,Annual,Total - all NACE activities,Compensation of employees per hour worked,Euro,Poland,2001,4.2,
ESTAT:NAMA_10R_2LP10(1.0),19/02/24 23:00:00,Annual,Total - all NACE activities,Compensation of employees per hour worked,Euro,Poland,2002,4.1,
ESTAT:NAMA_10R_2LP10(1.0),19/02/24 23:00:00,Annual,Total - all NACE activities,Compensation of employees per hour worked,Euro,Poland,2003,3.7,b
ESTAT:NAMA_10R_2LP10(1.0),19/02/24 23:00:00,Annual,Total - all NACE activities,Compensation of employees per hour worked,Euro,Poland,2004,3.7,
ESTAT:NAMA_10R_2LP10(1.0),19/02/24 23:00:00,Annual,Total - all NACE activities,Compensation of employees per hour worked,Euro,Poland,2005,4.2,
ESTAT:NAMA_10R_2LP10(1.0),19/02/24 23:00:00,Annual,Total - all NACE activities,Compensation of employees per hour worked,Euro,Poland,2006,4.5,
ESTAT:NAMA_10R_2LP10(1.0),19/02/24 23:00:00,Annual,Total - all NACE activities,Compensation of employees per hour worked,Euro,Poland,2007,4.8,
ESTAT:NAMA_10R_2LP10(1.0),19/02/24 23:00:00,Annual,Total - all NACE activities,Compensation of employees per hour worked,Euro,Poland,2008,5.7,
ESTAT:NAMA_10R_2LP10(1.0),19/02/24 23:00:00,Annual,Total - all NACE activities,Compensation of employees per hour worked,Euro,Poland,2009,4.8,
ESTAT:NAMA_10R_2LP10(1.0),19/02/24 23:00:00,Annual,Total - all NACE activities,Compensation of employees per hour worked,Euro,Poland,2010,5.7,b
ESTAT:NAMA_10R_2LP10(1.0),19/02/24 23:00:00,Annual,Total - all NACE activities,Compensation of employees per hour worked,Euro,Poland,2011,5.9,
ESTAT:NAMA_10R_2LP10(1.0),19/02/24 23:00:00,Annual,Total - all NACE activities,Compensation of employees per hour worked,Euro,Poland,2012,6,
ESTAT:NAMA_10R_2LP10(1.0),19/02/24 23:00:00,Annual,Total - all NACE activities,Compensation of employees per hour worked,Euro,Poland,2013,6.1,
ESTAT:NAMA_10R_2LP10(1.0),19/02/24 23:00:00,Annual,Total - all NACE activities,Compensation of employees per hour worked,Euro,Poland,2014,6.2,
ESTAT:NAMA_10R_2LP10(1.0),19/02/24 23:00:00,Annual,Total - all NACE activities,Compensation of employees per hour worked,Euro,Poland,2015,6.4,
ESTAT:NAMA_10R_2LP10(1.0),19/02/24 23:00:00,Annual,Total - all NACE activities,Compensation of employees per hour worked,Euro,Poland,2016,6.4,
ESTAT:NAMA_10R_2LP10(1.0),19/02/24 23:00:00,Annual,Total - all NACE activities,Compensation of employees per hour worked,Euro,Poland,2017,7,
ESTAT:NAMA_10R_2LP10(1.0),19/02/24 23:00:00,Annual,Total - all NACE activities,Compensation of employees per hour worked,Euro,Poland,2018,7.6,
ESTAT:NAMA_10R_2LP10(1.0),19/02/24 23:00:00,Annual,Total - all NACE activities,Compensation of employees per hour worked,Euro,Poland,2019,8.2,
ESTAT:NAMA_10R_2LP10(1.0),19/02/24 23:00:00,Annual,Total - all NACE activities,Compensation of employees per hour worked,Euro,Poland,2020,8.4,
ESTAT:NAMA_10R_2LP10(1.0),19/02/24 23:00:00,Annual,Total - all NACE activities,Compensation of employees per hour worked,Euro,Poland,2021,8.4,
ESTAT:NAMA_10R_2LP10(1.0),19/02/24 23:00:00,Annual,Total - all NACE activities,Compensation of employees per hour worked,Euro,Portugal,1995,6.3,
ESTAT:NAMA_10R_2LP10(1.0),19/02/24 23:00:00,Annual,Total - all NACE activities,Compensation of employees per hour worked,Euro,Portugal,1996,6.7,
ESTAT:NAMA_10R_2LP10(1.0),19/02/24 23:00:00,Annual,Total - all NACE activities,Compensation of employees per hour worked,Euro,Portugal,1997,7,
ESTAT:NAMA_10R_2LP10(1.0),19/02/24 23:00:00,Annual,Total - all NACE activities,Compensation of employees per hour worked,Euro,Portugal,1998,7.2,
ESTAT:NAMA_10R_2LP10(1.0),19/02/24 23:00:00,Annual,Total - all NACE activities,Compensation of employees per hour worked,Euro,Portugal,1999,7.7,
ESTAT:NAMA_10R_2LP10(1.0),19/02/24 23:00:00,Annual,Total - all NACE activities,Compensation of employees per hour worked,Euro,Portugal,2000,8.1,
ESTAT:NAMA_10R_2LP10(1.0),19/02/24 23:00:00,Annual,Total - all NACE activities,Compensation of employees per hour worked,Euro,Portugal,2001,8.5,
ESTAT:NAMA_10R_2LP10(1.0),19/02/24 23:00:00,Annual,Total - all NACE activities,Compensation of employees per hour worked,Euro,Portugal,2002,8.8,
ESTAT:NAMA_10R_2LP10(1.0),19/02/24 23:00:00,Annual,Total - all NACE activities,Compensation of employees per hour worked,Euro,Portugal,2003,9.1,
ESTAT:NAMA_10R_2LP10(1.0),19/02/24 23:00:00,Annual,Total - all NACE activities,Compensation of employees per hour worked,Euro,Portugal,2004,9.4,
ESTAT:NAMA_10R_2LP10(1.0),19/02/24 23:00:00,Annual,Total - all NACE activities,Compensation of employees per hour worked,Euro,Portugal,2005,9.8,
ESTAT:NAMA_10R_2LP10(1.0),19/02/24 23:00:00,Annual,Total - all NACE activities,Compensation of employees per hour worked,Euro,Portugal,2006,10,
ESTAT:NAMA_10R_2LP10(1.0),19/02/24 23:00:00,Annual,Total - all NACE activities,Compensation of employees per hour worked,Euro,Portugal,2007,10.3,
ESTAT:NAMA_10R_2LP10(1.0),19/02/24 23:00:00,Annual,Total - all NACE activities,Compensation of employees per hour worked,Euro,Portugal,2008,10.6,
ESTAT:NAMA_10R_2LP10(1.0),19/02/24 23:00:00,Annual,Total - all NACE activities,Compensation of employees per hour worked,Euro,Portugal,2009,10.9,
ESTAT:NAMA_10R_2LP10(1.0),19/02/24 23:00:00,Annual,Total - all NACE activities,Compensation of employees per hour worked,Euro,Portugal,2010,11,
ESTAT:NAMA_10R_2LP10(1.0),19/02/24 23:00:00,Annual,Total - all NACE activities,Compensation of employees per hour worked,Euro,Portugal,2011,11,
ESTAT:NAMA_10R_2LP10(1.0),19/02/24 23:00:00,Annual,Total - all NACE activities,Compensation of employees per hour worked,Euro,Portugal,2012,10.7,
ESTAT:NAMA_10R_2LP10(1.0),19/02/24 23:00:00,Annual,Total - all NACE activities,Compensation of employees per hour worked,Euro,Portugal,2013,11,
ESTAT:NAMA_10R_2LP10(1.0),19/02/24 23:00:00,Annual,Total - all NACE activities,Compensation of employees per hour worked,Euro,Portugal,2014,10.7,
ESTAT:NAMA_10R_2LP10(1.0),19/02/24 23:00:00,Annual,Total - all NACE activities,Compensation of employees per hour worked,Euro,Portugal,2015,10.8,
ESTAT:NAMA_10R_2LP10(1.0),19/02/24 23:00:00,Annual,Total - all NACE activities,Compensation of employees per hour worked,Euro,Portugal,2016,10.9,
ESTAT:NAMA_10R_2LP10(1.0),19/02/24 23:00:00,Annual,Total - all NACE activities,Compensation of employees per hour worked,Euro,Portugal,2017,11.2,
ESTAT:NAMA_10R_2LP10(1.0),19/02/24 23:00:00,Annual,Total - all NACE activities,Compensation of employees per hour worked,Euro,Portugal,2018,11.6,
ESTAT:NAMA_10R_2LP10(1.0),19/02/24 23:00:00,Annual,Total - all NACE activities,Compensation of employees per hour worked,Euro,Portugal,2019,12.1,
ESTAT:NAMA_10R_2LP10(1.0),19/02/24 23:00:00,Annual,Total - all NACE activities,Compensation of employees per hour worked,Euro,Portugal,2020,13.2,
ESTAT:NAMA_10R_2LP10(1.0),19/02/24 23:00:00,Annual,Total - all NACE activities,Compensation of employees per hour worked,Euro,Portugal,2021,13.7,
ESTAT:NAMA_10R_2LP10(1.0),19/02/24 23:00:00,Annual,Total - all NACE activities,Compensation of employees per hour worked,Euro,Romania,2000,1.4,
ESTAT:NAMA_10R_2LP10(1.0),19/02/24 23:00:00,Annual,Total - all NACE activities,Compensation of employees per hour worked,Euro,Romania,2001,1.7,
ESTAT:NAMA_10R_2LP10(1.0),19/02/24 23:00:00,Annual,Total - all NACE activities,Compensation of employees per hour worked,Euro,Romania,2002,1.6,
ESTAT:NAMA_10R_2LP10(1.0),19/02/24 23:00:00,Annual,Total - all NACE activities,Compensation of employees per hour worked,Euro,Romania,2003,1.7,
ESTAT:NAMA_10R_2LP10(1.0),19/02/24 23:00:00,Annual,Total - all NACE activities,Compensation of employees per hour worked,Euro,Romania,2004,1.8,
ESTAT:NAMA_10R_2LP10(1.0),19/02/24 23:00:00,Annual,Total - all NACE activities,Compensation of employees per hour worked,Euro,Romania,2005,2.6,
ESTAT:NAMA_10R_2LP10(1.0),19/02/24 23:00:00,Annual,Total - all NACE activities,Compensation of employees per hour worked,Euro,Romania,2006,3.1,
ESTAT:NAMA_10R_2LP10(1.0),19/02/24 23:00:00,Annual,Total - all NACE activities,Compensation of employees per hour worked,Euro,Romania,2007,3.5,
ESTAT:NAMA_10R_2LP10(1.0),19/02/24 23:00:00,Annual,Total - all NACE activities,Compensation of employees per hour worked,Euro,Romania,2008,4.3,
ESTAT:NAMA_10R_2LP10(1.0),19/02/24 23:00:00,Annual,Total - all NACE activities,Compensation of employees per hour worked,Euro,Romania,2009,3.7,
ESTAT:NAMA_10R_2LP10(1.0),19/02/24 23:00:00,Annual,Total - all NACE activities,Compensation of employees per hour worked,Euro,Romania,2010,3.9,
ESTAT:NAMA_10R_2LP10(1.0),19/02/24 23:00:00,Annual,Total - all NACE activities,Compensation of employees per hour worked,Euro,Romania,2011,3.9,
ESTAT:NAMA_10R_2LP10(1.0),19/02/24 23:00:00,Annual,Total - all NACE activities,Compensation of employees per hour worked,Euro,Romania,2012,3.9,
ESTAT:NAMA_10R_2LP10(1.0),19/02/24 23:00:00,Annual,Total - all NACE activities,Compensation of employees per hour worked,Euro,Romania,2013,4.1,
ESTAT:NAMA_10R_2LP10(1.0),19/02/24 23:00:00,Annual,Total - all NACE activities,Compensation of employees per hour worked,Euro,Romania,2014,4.4,
ESTAT:NAMA_10R_2LP10(1.0),19/02/24 23:00:00,Annual,Total - all NACE activities,Compensation of employees per hour worked,Euro,Romania,2015,4.5,
ESTAT:NAMA_10R_2LP10(1.0),19/02/24 23:00:00,Annual,Total - all NACE activities,Compensation of employees per hour worked,Euro,Romania,2016,5.1,
ESTAT:NAMA_10R_2LP10(1.0),19/02/24 23:00:00,Annual,Total - all NACE activities,Compensation of employees per hour worked,Euro,Romania,2017,5.8,
ESTAT:NAMA_10R_2LP10(1.0),19/02/24 23:00:00,Annual,Total - all NACE activities,Compensation of employees per hour worked,Euro,Romania,2018,6.4,
ESTAT:NAMA_10R_2LP10(1.0),19/02/24 23:00:00,Annual,Total - all NACE activities,Compensation of employees per hour worked,Euro,Romania,2019,6.9,
ESTAT:NAMA_10R_2LP10(1.0),19/02/24 23:00:00,Annual,Total - all NACE activities,Compensation of employees per hour worked,Euro,Romania,2020,7.3,
ESTAT:NAMA_10R_2LP10(1.0),19/02/24 23:00:00,Annual,Total - all NACE activities,Compensation of employees per hour worked,Euro,Romania,2021,7.4,
ESTAT:NAMA_10R_2LP10(1.0),19/02/24 23:00:00,Annual,Total - all NACE activities,Compensation of employees per hour worked,Euro,Serbia,2000,2,p
ESTAT:NAMA_10R_2LP10(1.0),19/02/24 23:00:00,Annual,Total - all NACE activities,Compensation of employees per hour worked,Euro,Serbia,2001,1.2,p
ESTAT:NAMA_10R_2LP10(1.0),19/02/24 23:00:00,Annual,Total - all NACE activities,Compensation of employees per hour worked,Euro,Serbia,2002,1.8,p
ESTAT:NAMA_10R_2LP10(1.0),19/02/24 23:00:00,Annual,Total - all NACE activities,Compensation of employees per hour worked,Euro,Serbia,2003,2.1,p
ESTAT:NAMA_10R_2LP10(1.0),19/02/24 23:00:00,Annual,Total - all NACE activities,Compensation of employees per hour worked,Euro,Serbia,2004,2.3,p
ESTAT:NAMA_10R_2LP10(1.0),19/02/24 23:00:00,Annual,Total - all NACE activities,Compensation of employees per hour worked,Euro,Serbia,2005,2.5,p
ESTAT:NAMA_10R_2LP10(1.0),19/02/24 23:00:00,Annual,Total - all NACE activities,Compensation of employees per hour worked,Euro,Serbia,2006,3.1,p
ESTAT:NAMA_10R_2LP10(1.0),19/02/24 23:00:00,Annual,Total - all NACE activities,Compensation of employees per hour worked,Euro,Serbia,2007,3.9,p
ESTAT:NAMA_10R_2LP10(1.0),19/02/24 23:00:00,Annual,Total - all NACE activities,Compensation of employees per hour worked,Euro,Serbia,2008,4.5,p
ESTAT:NAMA_10R_2LP10(1.0),19/02/24 23:00:00,Annual,Total - all NACE activities,Compensation of employees per hour worked,Euro,Serbia,2009,4.3,p
ESTAT:NAMA_10R_2LP10(1.0),19/02/24 23:00:00,Annual,Total - all NACE activities,Compensation of employees per hour worked,Euro,Serbia,2010,4.2,p
ESTAT:NAMA_10R_2LP10(1.0),19/02/24 23:00:00,Annual,Total - all NACE activities,Compensation of employees per hour worked,Euro,Serbia,2011,4.7,p
ESTAT:NAMA_10R_2LP10(1.0),19/02/24 23:00:00,Annual,Total - all NACE activities,Compensation of employees per hour worked,Euro,Serbia,2012,4.6,p
ESTAT:NAMA_10R_2LP10(1.0),19/02/24 23:00:00,Annual,Total - all NACE activities,Compensation of employees per hour worked,Euro,Serbia,2013,4.8,p
ESTAT:NAMA_10R_2LP10(1.0),19/02/24 23:00:00,Annual,Total - all NACE activities,Compensation of employees per hour worked,Euro,Serbia,2014,4.7,p
ESTAT:NAMA_10R_2LP10(1.0),19/02/24 23:00:00,Annual,Total - all NACE activities,Compensation of employees per hour worked,Euro,Serbia,2015,4.6,p
ESTAT:NAMA_10R_2LP10(1.0),19/02/24 23:00:00,Annual,Total - all NACE activities,Compensation of employees per hour worked,Euro,Serbia,2016,4.4,p
ESTAT:NAMA_10R_2LP10(1.0),19/02/24 23:00:00,Annual,Total - all NACE activities,Compensation of employees per hour worked,Euro,Serbia,2017,4.8,p
ESTAT:NAMA_10R_2LP10(1.0),19/02/24 23:00:00,Annual,Total - all NACE activities,Compensation of employees per hour worked,Euro,Serbia,2018,5.2,p
ESTAT:NAMA_10R_2LP10(1.0),19/02/24 23:00:00,Annual,Total - all NACE activities,Compensation of employees per hour worked,Euro,Serbia,2019,5.5,p
ESTAT:NAMA_10R_2LP10(1.0),19/02/24 23:00:00,Annual,Total - all NACE activities,Compensation of employees per hour worked,Euro,Serbia,2020,6,p
ESTAT:NAMA_10R_2LP10(1.0),19/02/24 23:00:00,Annual,Total - all NACE activities,Compensation of employees per hour worked,Euro,Serbia,2021,6.7,p
ESTAT:NAMA_10R_2LP10(1.0),19/02/24 23:00:00,Annual,Total - all NACE activities,Compensation of employees per hour worked,Euro,Sweden,2000,19.5,
ESTAT:NAMA_10R_2LP10(1.0),19/02/24 23:00:00,Annual,Total - all NACE activities,Compensation of employees per hour worked,Euro,Sweden,2001,18.9,
ESTAT:NAMA_10R_2LP10(1.0),19/02/24 23:00:00,Annual,Total - all NACE activities,Compensation of employees per hour worked,Euro,Sweden,2002,20,
ESTAT:NAMA_10R_2LP10(1.0),19/02/24 23:00:00,Annual,Total - all NACE activities,Compensation of employees per hour worked,Euro,Sweden,2003,21,
ESTAT:NAMA_10R_2LP10(1.0),19/02/24 23:00:00,Annual,Total - all NACE activities,Compensation of employees per hour worked,Euro,Sweden,2004,21.6,
ESTAT:NAMA_10R_2LP10(1.0),19/02/24 23:00:00,Annual,Total - all NACE activities,Compensation of employees per hour worked,Euro,Sweden,2005,22,
ESTAT:NAMA_10R_2LP10(1.0),19/02/24 23:00:00,Annual,Total - all NACE activities,Compensation of employees per hour worked,Euro,Sweden,2006,22.7,
ESTAT:NAMA_10R_2LP10(1.0),19/02/24 23:00:00,Annual,Total - all NACE activities,Compensation of employees per hour worked,Euro,Sweden,2007,23.7,
ESTAT:NAMA_10R_2LP10(1.0),19/02/24 23:00:00,Annual,Total - all NACE activities,Compensation of employees per hour worked,Euro,Sweden,2008,23.5,
ESTAT:NAMA_10R_2LP10(1.0),19/02/24 23:00:00,Annual,Total - all NACE activities,Compensation of employees per hour worked,Euro,Sweden,2009,22,
ESTAT:NAMA_10R_2LP10(1.0),19/02/24 23:00:00,Annual,Total - all NACE activities,Compensation of employees per hour worked,Euro,Sweden,2010,24.7,
ESTAT:NAMA_10R_2LP10(1.0),19/02/24 23:00:00,Annual,Total - all NACE activities,Compensation of employees per hour worked,Euro,Sweden,2011,26.9,
ESTAT:NAMA_10R_2LP10(1.0),19/02/24 23:00:00,Annual,Total - all NACE activities,Compensation of employees per hour worked,Euro,Sweden,2012,29,
ESTAT:NAMA_10R_2LP10(1.0),19/02/24 23:00:00,Annual,Total - all NACE activities,Compensation of employees per hour worked,Euro,Sweden,2013,29.9,
ESTAT:NAMA_10R_2LP10(1.0),19/02/24 23:00:00,Annual,Total - all NACE activities,Compensation of employees per hour worked,Euro,Sweden,2014,29.1,
ESTAT:NAMA_10R_2LP10(1.0),19/02/24 23:00:00,Annual,Total - all NACE activities,Compensation of employees per hour worked,Euro,Sweden,2015,29,
ESTAT:NAMA_10R_2LP10(1.0),19/02/24 23:00:00,Annual,Total - all NACE activities,Compensation of employees per hour worked,Euro,Sweden,2016,28.9,
ESTAT:NAMA_10R_2LP10(1.0),19/02/24 23:00:00,Annual,Total - all NACE activities,Compensation of employees per hour worked,Euro,Sweden,2017,29.2,
ESTAT:NAMA_10R_2LP10(1.0),19/02/24 23:00:00,Annual,Total - all NACE activities,Compensation of employees per hour worked,Euro,Sweden,2018,28.5,
ESTAT:NAMA_10R_2LP10(1.0),19/02/24 23:00:00,Annual,Total - all NACE activities,Compensation of employees per hour worked,Euro,Sweden,2019,29,
ESTAT:NAMA_10R_2LP10(1.0),19/02/24 23:00:00,Annual,Total - all NACE activities,Compensation of employees per hour worked,Euro,Sweden,2020,30.5,
ESTAT:NAMA_10R_2LP10(1.0),19/02/24 23:00:00,Annual,Total - all NACE activities,Compensation of employees per hour worked,Euro,Sweden,2021,32.4,
ESTAT:NAMA_10R_2LP10(1.0),19/02/24 23:00:00,Annual,Total - all NACE activities,Compensation of employees per hour worked,Euro,Slovenia,2000,9.2,
ESTAT:NAMA_10R_2LP10(1.0),19/02/24 23:00:00,Annual,Total - all NACE activities,Compensation of employees per hour worked,Euro,Slovenia,2001,9.9,
ESTAT:NAMA_10R_2LP10(1.0),19/02/24 23:00:00,Annual,Total - all NACE activities,Compensation of employees per hour worked,Euro,Slovenia,2002,10.1,
ESTAT:NAMA_10R_2LP10(1.0),19/02/24 23:00:00,Annual,Total - all NACE activities,Compensation of employees per hour worked,Euro,Slovenia,2003,10.4,
ESTAT:NAMA_10R_2LP10(1.0),19/02/24 23:00:00,Annual,Total - all NACE activities,Compensation of employees per hour worked,Euro,Slovenia,2004,10.8,
ESTAT:NAMA_10R_2LP10(1.0),19/02/24 23:00:00,Annual,Total - all NACE activities,Compensation of employees per hour worked,Euro,Slovenia,2005,11.7,
ESTAT:NAMA_10R_2LP10(1.0),19/02/24 23:00:00,Annual,Total - all NACE activities,Compensation of employees per hour worked,Euro,Slovenia,2006,12.5,
ESTAT:NAMA_10R_2LP10(1.0),19/02/24 23:00:00,Annual,Total - all NACE activities,Compensation of employees per hour worked,Euro,Slovenia,2007,13.3,
ESTAT:NAMA_10R_2LP10(1.0),19/02/24 23:00:00,Annual,Total - all NACE activities,Compensation of employees per hour worked,Euro,Slovenia,2008,14.2,
ESTAT:NAMA_10R_2LP10(1.0),19/02/24 23:00:00,Annual,Total - all NACE activities,Compensation of employees per hour worked,Euro,Slovenia,2009,14.3,
ESTAT:NAMA_10R_2LP10(1.0),19/02/24 23:00:00,Annual,Total - all NACE activities,Compensation of employees per hour worked,Euro,Slovenia,2010,14.7,
ESTAT:NAMA_10R_2LP10(1.0),19/02/24 23:00:00,Annual,Total - all NACE activities,Compensation of employees per hour worked,Euro,Slovenia,2011,15.1,
ESTAT:NAMA_10R_2LP10(1.0),19/02/24 23:00:00,Annual,Total - all NACE activities,Compensation of employees per hour worked,Euro,Slovenia,2012,15.1,
ESTAT:NAMA_10R_2LP10(1.0),19/02/24 23:00:00,Annual,Total - all NACE activities,Compensation of employees per hour worked,Euro,Slovenia,2013,15,
ESTAT:NAMA_10R_2LP10(1.0),19/02/24 23:00:00,Annual,Total - all NACE activities,Compensation of employees per hour worked,Euro,Slovenia,2014,15.1,
ESTAT:NAMA_10R_2LP10(1.0),19/02/24 23:00:00,Annual,Total - all NACE activities,Compensation of employees per hour worked,Euro,Slovenia,2015,15.2,
ESTAT:NAMA_10R_2LP10(1.0),19/02/24 23:00:00,Annual,Total - all NACE activities,Compensation of employees per hour worked,Euro,Slovenia,2016,16.1,
ESTAT:NAMA_10R_2LP10(1.0),19/02/24 23:00:00,Annual,Total - all NACE activities,Compensation of employees per hour worked,Euro,Slovenia,2017,16.9,
ESTAT:NAMA_10R_2LP10(1.0),19/02/24 23:00:00,Annual,Total - all NACE activities,Compensation of employees per hour worked,Euro,Slovenia,2018,17.7,
ESTAT:NAMA_10R_2LP10(1.0),19/02/24 23:00:00,Annual,Total - all NACE activities,Compensation of employees per hour worked,Euro,Slovenia,2019,18.6,
ESTAT:NAMA_10R_2LP10(1.0),19/02/24 23:00:00,Annual,Total - all NACE activities,Compensation of employees per hour worked,Euro,Slovenia,2020,20,
ESTAT:NAMA_10R_2LP10(1.0),19/02/24 23:00:00,Annual,Total - all NACE activities,Compensation of employees per hour worked,Euro,Slovenia,2021,20.7,
ESTAT:NAMA_10R_2LP10(1.0),19/02/24 23:00:00,Annual,Total - all NACE activities,Compensation of employees per hour worked,Euro,Slovenia,2022,21.7,
ESTAT:NAMA_10R_2LP10(1.0),19/02/24 23:00:00,Annual,Total - all NACE activities,Compensation of employees per hour worked,Euro,Slovakia,2000,2.8,
ESTAT:NAMA_10R_2LP10(1.0),19/02/24 23:00:00,Annual,Total - all NACE activities,Compensation of employees per hour worked,Euro,Slovakia,2001,3,
ESTAT:NAMA_10R_2LP10(1.0),19/02/24 23:00:00,Annual,Total - all NACE activities,Compensation of employees per hour worked,Euro,Slovakia,2002,3.4,
ESTAT:NAMA_10R_2LP10(1.0),19/02/24 23:00:00,Annual,Total - all NACE activities,Compensation of employees per hour worked,Euro,Slovakia,2003,3.9,
ESTAT:NAMA_10R_2LP10(1.0),19/02/24 23:00:00,Annual,Total - all NACE activities,Compensation of employees per hour worked,Euro,Slovakia,2004,4.2,
ESTAT:NAMA_10R_2LP10(1.0),19/02/24 23:00:00,Annual,Total - all NACE activities,Compensation of employees per hour worked,Euro,Slovakia,2005,4.7,
ESTAT:NAMA_10R_2LP10(1.0),19/02/24 23:00:00,Annual,Total - all NACE activities,Compensation of employees per hour worked,Euro,Slovakia,2006,5.3,
ESTAT:NAMA_10R_2LP10(1.0),19/02/24 23:00:00,Annual,Total - all NACE activities,Compensation of employees per hour worked,Euro,Slovakia,2007,6.3,
ESTAT:NAMA_10R_2LP10(1.0),19/02/24 23:00:00,Annual,Total - all NACE activities,Compensation of employees per hour worked,Euro,Slovakia,2008,7.2,
ESTAT:NAMA_10R_2LP10(1.0),19/02/24 23:00:00,Annual,Total - all NACE activities,Compensation of employees per hour worked,Euro,Slovakia,2009,7.8,
ESTAT:NAMA_10R_2LP10(1.0),19/02/24 23:00:00,Annual,Total - all NACE activities,Compensation of employees per hour worked,Euro,Slovakia,2010,8,
ESTAT:NAMA_10R_2LP10(1.0),19/02/24 23:00:00,Annual,Total - all NACE activities,Compensation of employees per hour worked,Euro,Slovakia,2011,8.3,
ESTAT:NAMA_10R_2LP10(1.0),19/02/24 23:00:00,Annual,Total - all NACE activities,Compensation of employees per hour worked,Euro,Slovakia,2012,8.5,
ESTAT:NAMA_10R_2LP10(1.0),19/02/24 23:00:00,Annual,Total - all NACE activities,Compensation of employees per hour worked,Euro,Slovakia,2013,8.8,
ESTAT:NAMA_10R_2LP10(1.0),19/02/24 23:00:00,Annual,Total - all NACE activities,Compensation of employees per hour worked,Euro,Slovakia,2014,9,
ESTAT:NAMA_10R_2LP10(1.0),19/02/24 23:00:00,Annual,Total - all NACE activities,Compensation of employees per hour worked,Euro,Slovakia,2015,9.4,
ESTAT:NAMA_10R_2LP10(1.0),19/02/24 23:00:00,Annual,Total - all NACE activities,Compensation of employees per hour worked,Euro,Slovakia,2016,9.6,
ESTAT:NAMA_10R_2LP10(1.0),19/02/24 23:00:00,Annual,Total - all NACE activities,Compensation of employees per hour worked,Euro,Slovakia,2017,10.3,
ESTAT:NAMA_10R_2LP10(1.0),19/02/24 23:00:00,Annual,Total - all NACE activities,Compensation of employees per hour worked,Euro,Slovakia,2018,11,
ESTAT:NAMA_10R_2LP10(1.0),19/02/24 23:00:00,Annual,Total - all NACE activities,Compensation of employees per hour worked,Euro,Slovakia,2019,11.8,
ESTAT:NAMA_10R_2LP10(1.0),19/02/24 23:00:00,Annual,Total - all NACE activities,Compensation of employees per hour worked,Euro,Slovakia,2020,13.2,
ESTAT:NAMA_10R_2LP10(1.0),19/02/24 23:00:00,Annual,Total - all NACE activities,Compensation of employees per hour worked,Euro,Slovakia,2021,13.9,
